Source,Power_Input,Surface_Area,Conductivity,Porosity,HER_Energy
NREL,145.96,44.56,0.842,0.316,-1.1
NREL,1169.1,44.56,0.842,0.316,-1.1
NREL,785.25,44.56,0.842,0.316,-1.1
NREL,145.04,44.56,0.842,0.316,-1.1
NREL,,44.56,0.842,0.316,-1.1
NREL,,44.56,0.842,0.316,-1.1
NREL,,44.56,0.842,0.316,-1.1
NREL,1135.5,44.56,0.842,0.316,-1.1
NREL,,44.56,0.842,0.316,-1.1
NREL,735.34,44.56,0.842,0.316,-1.1
NREL,,44.56,0.842,0.316,-1.1
NREL,668.14,44.56,0.842,0.316,-1.1
NREL,811.9,44.56,0.842,0.316,-1.1
NREL,801.68,44.56,0.842,0.316,-1.1
NREL,,44.56,0.842,0.316,-1.1
NREL,1047.6,44.56,0.842,0.316,-1.1
NREL,,44.56,0.842,0.316,-1.1
NREL,724.49,44.56,0.842,0.316,-1.1
NREL,556.84,44.56,0.842,0.316,-1.1
NREL,606.23,44.56,0.842,0.316,-1.1
NREL,500.19,44.56,0.842,0.316,-1.1
NREL,,44.56,0.842,0.316,-1.1
NREL,617.14,44.56,0.842,0.316,-1.1
NREL,707.51,44.56,0.842,0.316,-1.1
NREL,,44.56,0.842,0.316,-1.1
NREL,750.8,44.56,0.842,0.316,-1.1
NREL,700.27,44.56,0.842,0.316,-1.1
NREL,,44.56,0.842,0.316,-1.1
NREL,750.8,44.56,0.842,0.316,-1.1
NREL,1028.9,44.56,0.842,0.316,-1.1
NREL,598.03,44.56,0.842,0.316,-1.1
NREL,435.26,44.56,0.842,0.316,-1.1
NREL,,44.56,0.842,0.316,-1.1
NREL,609.8,44.56,0.842,0.316,-1.1
NREL,397.16,44.56,0.842,0.316,-1.1
NREL,,44.56,0.842,0.316,-1.1
NREL,,44.56,0.842,0.316,-1.1
NREL,,44.56,0.842,0.316,-1.1
NREL,,44.56,0.842,0.316,-1.1
NREL,,44.56,0.842,0.316,-1.1
NREL,931.56,44.56,0.842,0.316,-1.1
NREL,408.26,44.56,0.842,0.316,-1.1
NREL,371.94,44.56,0.842,0.316,-1.1
NREL,,44.56,0.842,0.316,-1.1
NREL,187.46,44.56,0.842,0.316,-1.1
NREL,903.24,44.56,0.842,0.316,-1.1
NREL,653.06,44.56,0.842,0.316,-1.1
NREL,1100.4,44.56,0.842,0.316,-1.1
NREL,838.08,44.56,0.842,0.316,-1.1
NREL,831.33,44.56,0.842,0.316,-1.1
NREL,,44.56,0.842,0.316,-1.1
NREL,549.91,44.56,0.842,0.316,-1.1
NREL,1122.5,44.56,0.842,0.316,-1.1
NREL,412.52,44.56,0.842,0.316,-1.1
NREL,465.42,44.56,0.842,0.316,-1.1
NREL,775.72,44.56,0.842,0.316,-1.1
NREL,638.86,44.56,0.842,0.316,-1.1
NREL,208.82,44.56,0.842,0.316,-1.1
NREL,888.36,44.56,0.842,0.316,-1.1
NREL,,44.56,0.842,0.316,-1.1
NREL,,44.56,0.842,0.316,-1.1
NREL,1105.5,44.56,0.842,0.316,-1.1
NREL,806.28,44.56,0.842,0.316,-1.1
NREL,433.48,44.56,0.842,0.316,-1.1
NREL,,44.56,0.842,0.316,-1.1
NREL,319.97,44.56,0.842,0.316,-1.1
NREL,349.56,44.56,0.842,0.316,-1.1
NREL,341.5,44.56,0.842,0.316,-1.1
NREL,242.74,44.56,0.842,0.316,-1.1
NREL,,44.56,0.842,0.316,-1.1
NREL,96.46,44.56,0.842,0.316,-1.1
NREL,835.73,44.56,0.842,0.316,-1.1
NREL,203.14,44.56,0.842,0.316,-1.1
NREL,621.03,44.56,0.842,0.316,-1.1
NREL,513.13,44.56,0.842,0.316,-1.1
NREL,704.83,44.56,0.842,0.316,-1.1
NREL,468.4,44.56,0.842,0.316,-1.1
NREL,,44.56,0.842,0.316,-1.1
NREL,949.88,44.56,0.842,0.316,-1.1
NREL,,44.56,0.842,0.316,-1.1
NREL,356.48,44.56,0.842,0.316,-1.1
NREL,,44.56,0.842,0.316,-1.1
NREL,657.4,44.56,0.842,0.316,-1.1
NREL,704.83,44.56,0.842,0.316,-1.1
NREL,605.14,44.56,0.842,0.316,-1.1
NREL,551.66,44.56,0.842,0.316,-1.1
NREL,,44.56,0.842,0.316,-1.1
NREL,537.2,44.56,0.842,0.316,-1.1
NREL,424.57,44.56,0.842,0.316,-1.1
NREL,1001.5,44.56,0.842,0.316,-1.1
NREL,,44.56,0.842,0.316,-1.1
NREL,249.14,44.56,0.842,0.316,-1.1
NREL,1145.3,44.56,0.842,0.316,-1.1
NREL,191.65,44.56,0.842,0.316,-1.1
NREL,,44.56,0.842,0.316,-1.1
NREL,255.76,44.56,0.842,0.316,-1.1
NREL,,44.56,0.842,0.316,-1.1
NREL,1339.3,44.56,0.842,0.316,-1.1
NREL,844.0,44.56,0.842,0.316,-1.1
NREL,1169.1,44.56,0.842,0.316,-1.1
NREL,,44.56,0.842,0.316,-1.1
NREL,410.65,44.56,0.842,0.316,-1.1
NREL,,44.56,0.842,0.316,-1.1
NREL,,44.56,0.842,0.316,-1.1
NREL,,44.56,0.842,0.316,-1.1
NREL,,44.56,0.842,0.316,-1.1
NREL,664.17,44.56,0.842,0.316,-1.1
NREL,1022.2,44.56,0.842,0.316,-1.1
NREL,993.87,44.56,0.842,0.316,-1.1
NREL,636.12,44.56,0.842,0.316,-1.1
NREL,844.73,44.56,0.842,0.316,-1.1
NREL,,44.56,0.842,0.316,-1.1
NREL,727.24,44.56,0.842,0.316,-1.1
NREL,419.3,44.56,0.842,0.316,-1.1
NREL,478.58,44.56,0.842,0.316,-1.1
NREL,809.21,44.56,0.842,0.316,-1.1
NREL,,44.56,0.842,0.316,-1.1
NREL,1048.9,44.56,0.842,0.316,-1.1
NREL,735.06,44.56,0.842,0.316,-1.1
NREL,851.84,44.56,0.842,0.316,-1.1
NREL,426.38,44.56,0.842,0.316,-1.1
NREL,395.12,44.56,0.842,0.316,-1.1
NREL,680.2,44.56,0.842,0.316,-1.1
NREL,331.85,44.56,0.842,0.316,-1.1
NREL,,44.56,0.842,0.316,-1.1
NREL,997.74,44.56,0.842,0.316,-1.1
NREL,,44.56,0.842,0.316,-1.1
NREL,435.45,44.56,0.842,0.316,-1.1
NREL,,44.56,0.842,0.316,-1.1
NREL,124.94,44.56,0.842,0.316,-1.1
NREL,631.76,44.56,0.842,0.316,-1.1
NREL,173.2,44.56,0.842,0.316,-1.1
NREL,1009.7,44.56,0.842,0.316,-1.1
NREL,193.45,44.56,0.842,0.316,-1.1
NREL,624.98,44.56,0.842,0.316,-1.1
NREL,344.72,44.56,0.842,0.316,-1.1
NREL,,44.56,0.842,0.316,-1.1
NREL,654.46,44.56,0.842,0.316,-1.1
NREL,750.8,44.56,0.842,0.316,-1.1
NREL,949.14,44.56,0.842,0.316,-1.1
NREL,1138.1,44.56,0.842,0.316,-1.1
NREL,800.66,44.56,0.842,0.316,-1.1
NREL,669.76,44.56,0.842,0.316,-1.1
NREL,,44.56,0.842,0.316,-1.1
NREL,940.44,44.56,0.842,0.316,-1.1
NREL,883.58,44.56,0.842,0.316,-1.1
NREL,547.74,44.56,0.842,0.316,-1.1
NREL,566.66,44.56,0.842,0.316,-1.1
NREL,,44.56,0.842,0.316,-1.1
NREL,1030.8,44.56,0.842,0.316,-1.1
NREL,,44.56,0.842,0.316,-1.1
NREL,693.56,44.56,0.842,0.316,-1.1
NREL,436.69,44.56,0.842,0.316,-1.1
NREL,901.88,44.56,0.842,0.316,-1.1
NREL,,44.56,0.842,0.316,-1.1
NREL,,44.56,0.842,0.316,-1.1
NREL,,44.56,0.842,0.316,-1.1
NREL,,44.56,0.842,0.316,-1.1
NREL,631.82,44.56,0.842,0.316,-1.1
NREL,894.01,44.56,0.842,0.316,-1.1
NREL,816.44,44.56,0.842,0.316,-1.1
NREL,,44.56,0.842,0.316,-1.1
NREL,,44.56,0.842,0.316,-1.1
NREL,596.09,44.56,0.842,0.316,-1.1
NREL,130.52,44.56,0.842,0.316,-1.1
NREL,431.89,44.56,0.842,0.316,-1.1
NREL,,44.56,0.842,0.316,-1.1
NREL,606.95,44.56,0.842,0.316,-1.1
NREL,,44.56,0.842,0.316,-1.1
NREL,1060.7,44.56,0.842,0.316,-1.1
NREL,408.2,44.56,0.842,0.316,-1.1
NREL,1122.9,44.56,0.842,0.316,-1.1
NREL,,44.56,0.842,0.316,-1.1
NREL,295.82,44.56,0.842,0.316,-1.1
NREL,316.26,44.56,0.842,0.316,-1.1
NREL,,44.56,0.842,0.316,-1.1
NREL,,44.56,0.842,0.316,-1.1
NREL,264.34,44.56,0.842,0.316,-1.1
NREL,555.86,44.56,0.842,0.316,-1.1
NREL,279.68,44.56,0.842,0.316,-1.1
NREL,,44.56,0.842,0.316,-1.1
NREL,435.02,44.56,0.842,0.316,-1.1
NREL,,44.56,0.842,0.316,-1.1
NREL,657.4,44.56,0.842,0.316,-1.1
NREL,239.28,44.56,0.842,0.316,-1.1
NREL,446.88,44.56,0.842,0.316,-1.1
NREL,218.34,44.56,0.842,0.316,-1.1
NREL,174.12,44.56,0.842,0.316,-1.1
NREL,277.7,44.56,0.842,0.316,-1.1
NREL,,44.56,0.842,0.316,-1.1
NREL,821.75,44.56,0.842,0.316,-1.1
NREL,682.36,44.56,0.842,0.316,-1.1
NREL,,44.56,0.842,0.316,-1.1
NREL,949.88,44.56,0.842,0.316,-1.1
NREL,209.48,44.56,0.842,0.316,-1.1
NREL,612.46,44.56,0.842,0.316,-1.1
NREL,540.86,44.56,0.842,0.316,-1.1
NREL,717.54,44.56,0.842,0.316,-1.1
NREL,548.02,44.56,0.842,0.316,-1.1
NREL,330.72,44.56,0.842,0.316,-1.1
NREL,,44.56,0.842,0.316,-1.1
NREL,449.06,44.56,0.842,0.316,-1.1
NREL,414.31,44.56,0.842,0.316,-1.1
NREL,,44.56,0.842,0.316,-1.1
NREL,837.43,44.56,0.842,0.316,-1.1
NREL,,44.56,0.842,0.316,-1.1
NREL,1107.9,44.56,0.842,0.316,-1.1
NREL,,44.56,0.842,0.316,-1.1
NREL,523.03,44.56,0.842,0.316,-1.1
NREL,873.14,44.56,0.842,0.316,-1.1
NREL,695.0,44.56,0.842,0.316,-1.1
NREL,456.39,44.56,0.842,0.316,-1.1
NREL,747.42,44.56,0.842,0.316,-1.1
NREL,406.02,44.56,0.842,0.316,-1.1
NREL,141.7,44.56,0.842,0.316,-1.1
NREL,427.29,44.56,0.842,0.316,-1.1
NREL,149.42,44.56,0.842,0.316,-1.1
NREL,630.6,44.56,0.842,0.316,-1.1
NREL,858.35,44.56,0.842,0.316,-1.1
NREL,,44.56,0.842,0.316,-1.1
NREL,774.6,44.56,0.842,0.316,-1.1
NREL,,44.56,0.842,0.316,-1.1
NREL,1119.5,44.56,0.842,0.316,-1.1
NREL,946.89,44.56,0.842,0.316,-1.1
NREL,325.26,44.56,0.842,0.316,-1.1
NREL,,44.56,0.842,0.316,-1.1
NREL,,44.56,0.842,0.316,-1.1
NREL,227.75,44.56,0.842,0.316,-1.1
NREL,690.7,44.56,0.842,0.316,-1.1
NREL,916.15,44.56,0.842,0.316,-1.1
NREL,,44.56,0.842,0.316,-1.1
NREL,614.2,44.56,0.842,0.316,-1.1
NREL,475.39,44.56,0.842,0.316,-1.1
NREL,286.83,44.56,0.842,0.316,-1.1
NREL,,44.56,0.842,0.316,-1.1
NREL,,44.56,0.842,0.316,-1.1
NREL,763.26,44.56,0.842,0.316,-1.1
NREL,,44.56,0.842,0.316,-1.1
NREL,,44.56,0.842,0.316,-1.1
NREL,1079.0,44.56,0.842,0.316,-1.1
NREL,321.93,44.56,0.842,0.316,-1.1
NREL,903.24,44.56,0.842,0.316,-1.1
NREL,,44.56,0.842,0.316,-1.1
NREL,376.96,44.56,0.842,0.316,-1.1
NREL,,44.56,0.842,0.316,-1.1
NREL,162.62,44.56,0.842,0.316,-1.1
NREL,1074.3,44.56,0.842,0.316,-1.1
NREL,,44.56,0.842,0.316,-1.1
NREL,,44.56,0.842,0.316,-1.1
NREL,569.09,44.56,0.842,0.316,-1.1
NREL,992.86,44.56,0.842,0.316,-1.1
NREL,657.4,44.56,0.842,0.316,-1.1
NREL,1121.9,44.56,0.842,0.316,-1.1
NREL,283.49,44.56,0.842,0.316,-1.1
NREL,,44.56,0.842,0.316,-1.1
NREL,809.41,44.56,0.842,0.316,-1.1
NREL,,44.56,0.842,0.316,-1.1
NREL,595.51,44.56,0.842,0.316,-1.1
NREL,842.01,44.56,0.842,0.316,-1.1
NREL,,44.56,0.842,0.316,-1.1
NREL,969.1,44.56,0.842,0.316,-1.1
NREL,702.45,44.56,0.842,0.316,-1.1
NREL,314.78,44.56,0.842,0.316,-1.1
NREL,,44.56,0.842,0.316,-1.1
NREL,,44.56,0.842,0.316,-1.1
NREL,609.47,44.56,0.842,0.316,-1.1
NREL,606.78,44.56,0.842,0.316,-1.1
NREL,944.82,44.56,0.842,0.316,-1.1
NREL,,44.56,0.842,0.316,-1.1
NREL,547.66,44.56,0.842,0.316,-1.1
NREL,308.62,44.56,0.842,0.316,-1.1
NREL,738.48,44.56,0.842,0.316,-1.1
NREL,,44.56,0.842,0.316,-1.1
NREL,836.67,44.56,0.842,0.316,-1.1
NREL,305.38,44.56,0.842,0.316,-1.1
NREL,253.72,44.56,0.842,0.316,-1.1
NREL,,44.56,0.842,0.316,-1.1
NREL,658.46,44.56,0.842,0.316,-1.1
NREL,,44.56,0.842,0.316,-1.1
NREL,859.52,44.56,0.842,0.316,-1.1
NREL,,44.56,0.842,0.316,-1.1
NREL,592.8,44.56,0.842,0.316,-1.1
NREL,592.19,44.56,0.842,0.316,-1.1
NREL,,44.56,0.842,0.316,-1.1
NREL,781.48,44.56,0.842,0.316,-1.1
NREL,750.8,44.56,0.842,0.316,-1.1
NREL,,44.56,0.842,0.316,-1.1
NREL,1133.5,44.56,0.842,0.316,-1.1
NREL,1083.8,44.56,0.842,0.316,-1.1
NREL,,44.56,0.842,0.316,-1.1
NREL,1015.5,44.56,0.842,0.316,-1.1
NREL,,44.56,0.842,0.316,-1.1
NREL,1569.8,44.56,0.842,0.316,-1.1
NREL,1001.6,44.56,0.842,0.316,-1.1
NREL,591.26,44.56,0.842,0.316,-1.1
NREL,1143.6,44.56,0.842,0.316,-1.1
NREL,,44.56,0.842,0.316,-1.1
NREL,,44.56,0.842,0.316,-1.1
NREL,970.57,44.56,0.842,0.316,-1.1
NREL,234.3,44.56,0.842,0.316,-1.1
NREL,1145.9,44.56,0.842,0.316,-1.1
NREL,,44.56,0.842,0.316,-1.1
NREL,1154.1,44.56,0.842,0.316,-1.1
NREL,,44.56,0.842,0.316,-1.1
NREL,615.74,44.56,0.842,0.316,-1.1
NREL,241.38,44.56,0.842,0.316,-1.1
NREL,,44.56,0.842,0.316,-1.1
NREL,761.61,44.56,0.842,0.316,-1.1
NREL,433.56,44.56,0.842,0.316,-1.1
NREL,250.42,44.56,0.842,0.316,-1.1
NREL,521.64,44.56,0.842,0.316,-1.1
NREL,,44.56,0.842,0.316,-1.1
NREL,539.7,44.56,0.842,0.316,-1.1
NREL,917.9,44.56,0.842,0.316,-1.1
NREL,641.89,44.56,0.842,0.316,-1.1
NREL,923.53,44.56,0.842,0.316,-1.1
NREL,687.79,44.56,0.842,0.316,-1.1
NREL,1160.0,44.56,0.842,0.316,-1.1
NREL,,44.56,0.842,0.316,-1.1
NREL,,44.56,0.842,0.316,-1.1
NREL,,44.56,0.842,0.316,-1.1
NREL,,44.56,0.842,0.316,-1.1
NREL,531.76,44.56,0.842,0.316,-1.1
NREL,1127.3,44.56,0.842,0.316,-1.1
NREL,,44.56,0.842,0.316,-1.1
NREL,886.47,44.56,0.842,0.316,-1.1
NREL,,44.56,0.842,0.316,-1.1
NREL,859.44,44.56,0.842,0.316,-1.1
NREL,861.45,44.56,0.842,0.316,-1.1
NREL,466.34,44.56,0.842,0.316,-1.1
NREL,490.05,44.56,0.842,0.316,-1.1
NREL,,44.56,0.842,0.316,-1.1
NREL,977.26,44.56,0.842,0.316,-1.1
NREL,1031.9,44.56,0.842,0.316,-1.1
NREL,1141.4,44.56,0.842,0.316,-1.1
NREL,,44.56,0.842,0.316,-1.1
NREL,930.42,44.56,0.842,0.316,-1.1
NREL,736.86,44.56,0.842,0.316,-1.1
NREL,1074.9,44.56,0.842,0.316,-1.1
NREL,1133.5,44.56,0.842,0.316,-1.1
NREL,164.58,44.56,0.842,0.316,-1.1
NREL,560.72,44.56,0.842,0.316,-1.1
NREL,338.22,44.56,0.842,0.316,-1.1
NREL,494.85,44.56,0.842,0.316,-1.1
NREL,492.38,44.56,0.842,0.316,-1.1
NREL,,44.56,0.842,0.316,-1.1
NREL,699.54,44.56,0.842,0.316,-1.1
NREL,962.85,44.56,0.842,0.316,-1.1
NREL,501.96,44.56,0.842,0.316,-1.1
NREL,1103.2,44.56,0.842,0.316,-1.1
NREL,555.26,44.56,0.842,0.316,-1.1
NREL,1005.9,44.56,0.842,0.316,-1.1
NREL,,44.56,0.842,0.316,-1.1
NREL,458.46,44.56,0.842,0.316,-1.1
NREL,646.6,44.56,0.842,0.316,-1.1
NREL,617.32,44.56,0.842,0.316,-1.1
NREL,518.03,44.56,0.842,0.316,-1.1
NREL,795.42,44.56,0.842,0.316,-1.1
NREL,1030.8,44.56,0.842,0.316,-1.1
NREL,687.48,44.56,0.842,0.316,-1.1
NREL,,44.56,0.842,0.316,-1.1
NREL,1060.9,44.56,0.842,0.316,-1.1
NREL,1105.4,44.56,0.842,0.316,-1.1
NREL,734.15,44.56,0.842,0.316,-1.1
NREL,233.38,44.56,0.842,0.316,-1.1
NREL,1122.2,44.56,0.842,0.316,-1.1
NREL,659.22,44.56,0.842,0.316,-1.1
NREL,1112.3,44.56,0.842,0.316,-1.1
NREL,1008.7,44.56,0.842,0.316,-1.1
NREL,288.32,44.56,0.842,0.316,-1.1
NREL,785.25,44.56,0.842,0.316,-1.1
NREL,493.43,44.56,0.842,0.316,-1.1
NREL,1088.9,44.56,0.842,0.316,-1.1
NREL,686.72,44.56,0.842,0.316,-1.1
NREL,786.41,44.56,0.842,0.316,-1.1
NREL,,44.56,0.842,0.316,-1.1
NREL,,44.56,0.842,0.316,-1.1
NREL,817.79,44.56,0.842,0.316,-1.1
NREL,581.53,44.56,0.842,0.316,-1.1
NREL,609.99,44.56,0.842,0.316,-1.1
NREL,430.67,44.56,0.842,0.316,-1.1
NREL,,44.56,0.842,0.316,-1.1
NREL,,44.56,0.842,0.316,-1.1
NREL,995.09,44.56,0.842,0.316,-1.1
NREL,1094.6,44.56,0.842,0.316,-1.1
NREL,119.92,44.56,0.842,0.316,-1.1
NREL,,44.56,0.842,0.316,-1.1
NREL,,44.56,0.842,0.316,-1.1
NREL,897.2,44.56,0.842,0.316,-1.1
NREL,913.61,44.56,0.842,0.316,-1.1
NREL,325.84,44.56,0.842,0.316,-1.1
NREL,690.53,44.56,0.842,0.316,-1.1
NREL,569.59,44.56,0.842,0.316,-1.1
NREL,855.35,44.56,0.842,0.316,-1.1
NREL,549.2,44.56,0.842,0.316,-1.1
NREL,,44.56,0.842,0.316,-1.1
NREL,304.44,44.56,0.842,0.316,-1.1
NREL,,44.56,0.842,0.316,-1.1
NREL,863.46,44.56,0.842,0.316,-1.1
NREL,,44.56,0.842,0.316,-1.1
NREL,265.47,44.56,0.842,0.316,-1.1
NREL,344.14,44.56,0.842,0.316,-1.1
NREL,408.88,44.56,0.842,0.316,-1.1
NREL,651.08,44.56,0.842,0.316,-1.1
NREL,,44.56,0.842,0.316,-1.1
NREL,451.22,44.56,0.842,0.316,-1.1
NREL,908.95,44.56,0.842,0.316,-1.1
NREL,354.64,44.56,0.842,0.316,-1.1
NREL,625.25,44.56,0.842,0.316,-1.1
NREL,695.38,44.56,0.842,0.316,-1.1
NREL,1023.9,44.56,0.842,0.316,-1.1
NREL,864.34,44.56,0.842,0.316,-1.1
NREL,,44.56,0.842,0.316,-1.1
NREL,,44.56,0.842,0.316,-1.1
NREL,,44.56,0.842,0.316,-1.1
NREL,991.66,44.56,0.842,0.316,-1.1
NREL,543.74,44.56,0.842,0.316,-1.1
NREL,693.4,44.56,0.842,0.316,-1.1
NREL,1140.3,44.56,0.842,0.316,-1.1
NREL,581.02,44.56,0.842,0.316,-1.1
NREL,944.22,44.56,0.842,0.316,-1.1
NREL,730.12,44.56,0.842,0.316,-1.1
NREL,730.72,44.56,0.842,0.316,-1.1
NREL,,44.56,0.842,0.316,-1.1
NREL,,44.56,0.842,0.316,-1.1
NREL,,44.56,0.842,0.316,-1.1
NREL,,44.56,0.842,0.316,-1.1
NREL,,44.56,0.842,0.316,-1.1
NREL,341.67,44.56,0.842,0.316,-1.1
NREL,339.47,44.56,0.842,0.316,-1.1
NREL,,44.56,0.842,0.316,-1.1
NREL,1026.0,44.56,0.842,0.316,-1.1
NREL,614.88,44.56,0.842,0.316,-1.1
NREL,562.3,44.56,0.842,0.316,-1.1
NREL,501.9,44.56,0.842,0.316,-1.1
NREL,,44.56,0.842,0.316,-1.1
NREL,785.25,44.56,0.842,0.316,-1.1
NREL,450.0,44.56,0.842,0.316,-1.1
NREL,535.32,44.56,0.842,0.316,-1.1
NREL,983.01,44.56,0.842,0.316,-1.1
NREL,1056.5,44.56,0.842,0.316,-1.1
NREL,271.14,44.56,0.842,0.316,-1.1
NREL,349.72,44.56,0.842,0.316,-1.1
NREL,1083.8,44.56,0.842,0.316,-1.1
NREL,551.18,44.56,0.842,0.316,-1.1
NREL,,44.56,0.842,0.316,-1.1
NREL,651.31,44.56,0.842,0.316,-1.1
NREL,567.28,44.56,0.842,0.316,-1.1
NREL,961.7,44.56,0.842,0.316,-1.1
NREL,620.27,44.56,0.842,0.316,-1.1
NREL,,44.56,0.842,0.316,-1.1
NREL,,44.56,0.842,0.316,-1.1
NREL,,44.56,0.842,0.316,-1.1
NREL,701.67,44.56,0.842,0.316,-1.1
NREL,527.56,44.56,0.842,0.316,-1.1
NREL,1144.5,44.56,0.842,0.316,-1.1
NREL,,44.56,0.842,0.316,-1.1
NREL,1106.5,44.56,0.842,0.316,-1.1
NREL,969.77,44.56,0.842,0.316,-1.1
NREL,567.28,44.56,0.842,0.316,-1.1
NREL,516.9,44.56,0.842,0.316,-1.1
NREL,165.03,44.56,0.842,0.316,-1.1
NREL,283.65,44.56,0.842,0.316,-1.1
NREL,468.81,44.56,0.842,0.316,-1.1
NREL,,44.56,0.842,0.316,-1.1
NREL,238.88,44.56,0.842,0.316,-1.1
NREL,615.06,44.56,0.842,0.316,-1.1
NREL,562.3,44.56,0.842,0.316,-1.1
NREL,173.28,44.56,0.842,0.316,-1.1
NREL,,44.56,0.842,0.316,-1.1
NREL,1067.54,44.56,0.842,0.316,-1.1
NREL,,44.56,0.842,0.316,-1.1
NREL,312.18,44.56,0.842,0.316,-1.1
NREL,848.42,44.56,0.842,0.316,-1.1
NREL,,44.56,0.842,0.316,-1.1
NREL,,44.56,0.842,0.316,-1.1
NREL,,44.56,0.842,0.316,-1.1
NREL,,44.56,0.842,0.316,-1.1
NREL,1108.0,44.56,0.842,0.316,-1.1
NREL,454.84,44.56,0.842,0.316,-1.1
NREL,713.38,44.56,0.842,0.316,-1.1
NREL,892.28,44.56,0.842,0.316,-1.1
NREL,,44.56,0.842,0.316,-1.1
NREL,,44.56,0.842,0.316,-1.1
NREL,763.26,44.56,0.842,0.316,-1.1
NREL,,44.56,0.842,0.316,-1.1
NREL,,44.56,0.842,0.316,-1.1
NREL,,44.56,0.842,0.316,-1.1
NREL,,44.56,0.842,0.316,-1.1
NREL,,44.56,0.842,0.316,-1.1
NREL,833.68,44.56,0.842,0.316,-1.1
NREL,179.24,44.56,0.842,0.316,-1.1
NREL,347.25,44.56,0.842,0.316,-1.1
NREL,1071.84,44.56,0.842,0.316,-1.1
NREL,,44.56,0.842,0.316,-1.1
NREL,1013.1,44.56,0.842,0.316,-1.1
NREL,224.3,44.56,0.842,0.316,-1.1
NREL,,44.56,0.842,0.316,-1.1
NREL,770.88,44.56,0.842,0.316,-1.1
NREL,,44.56,0.842,0.316,-1.1
NREL,694.38,44.56,0.842,0.316,-1.1
NREL,707.36,44.56,0.842,0.316,-1.1
NREL,68.54,44.56,0.842,0.316,-1.1
NREL,,44.56,0.842,0.316,-1.1
NREL,752.26,44.56,0.842,0.316,-1.1
NREL,641.7,44.56,0.842,0.316,-1.1
NREL,566.94,44.56,0.842,0.316,-1.1
NREL,602.78,44.56,0.842,0.316,-1.1
NREL,1126.4,44.56,0.842,0.316,-1.1
NREL,,44.56,0.842,0.316,-1.1
NREL,816.43,44.56,0.842,0.316,-1.1
NREL,601.05,44.56,0.842,0.316,-1.1
NREL,662.29,44.56,0.842,0.316,-1.1
NREL,603.44,44.56,0.842,0.316,-1.1
NREL,506.48,44.56,0.842,0.316,-1.1
NREL,410.76,44.56,0.842,0.316,-1.1
NREL,409.83,44.56,0.842,0.316,-1.1
NREL,,44.56,0.842,0.316,-1.1
NREL,847.9,44.56,0.842,0.316,-1.1
NREL,960.47,44.56,0.842,0.316,-1.1
NREL,,44.56,0.842,0.316,-1.1
NREL,899.21,44.56,0.842,0.316,-1.1
NREL,,44.56,0.842,0.316,-1.1
NREL,383.54,44.56,0.842,0.316,-1.1
NREL,430.3,44.56,0.842,0.316,-1.1
NREL,657.4,44.56,0.842,0.316,-1.1
NREL,503.92,44.56,0.842,0.316,-1.1
NREL,739.89,44.56,0.842,0.316,-1.1
NREL,358.14,44.56,0.842,0.316,-1.1
NREL,415.03,44.56,0.842,0.316,-1.1
NREL,838.29,44.56,0.842,0.316,-1.1
NREL,,44.56,0.842,0.316,-1.1
NREL,1287.7,44.56,0.842,0.316,-1.1
NREL,704.45,44.56,0.842,0.316,-1.1
NREL,871.17,44.56,0.842,0.316,-1.1
NREL,,44.56,0.842,0.316,-1.1
NREL,660.14,44.56,0.842,0.316,-1.1
NREL,,44.56,0.842,0.316,-1.1
NREL,326.21,44.56,0.842,0.316,-1.1
NREL,1122.7,44.56,0.842,0.316,-1.1
NREL,1014.0,44.56,0.842,0.316,-1.1
NREL,580.0,44.56,0.842,0.316,-1.1
NREL,,44.56,0.842,0.316,-1.1
NREL,906.27,44.56,0.842,0.316,-1.1
NREL,893.92,44.56,0.842,0.316,-1.1
NREL,349.58,44.56,0.842,0.316,-1.1
NREL,,44.56,0.842,0.316,-1.1
NREL,,44.56,0.842,0.316,-1.1
NREL,412.4,44.56,0.842,0.316,-1.1
NREL,846.57,44.56,0.842,0.316,-1.1
NREL,300.94,44.56,0.842,0.316,-1.1
NREL,316.1,44.56,0.842,0.316,-1.1
NREL,750.8,44.56,0.842,0.316,-1.1
NREL,,44.56,0.842,0.316,-1.1
NREL,,44.56,0.842,0.316,-1.1
NREL,747.3,44.56,0.842,0.316,-1.1
NREL,,44.56,0.842,0.316,-1.1
NREL,,44.56,0.842,0.316,-1.1
NREL,671.54,44.56,0.842,0.316,-1.1
NREL,635.67,44.56,0.842,0.316,-1.1
NREL,367.02,44.56,0.842,0.316,-1.1
NREL,1043.8,44.56,0.842,0.316,-1.1
NREL,,44.56,0.842,0.316,-1.1
NREL,,44.56,0.842,0.316,-1.1
NREL,977.58,44.56,0.842,0.316,-1.1
NREL,494.85,44.56,0.842,0.316,-1.1
NREL,,44.56,0.842,0.316,-1.1
NREL,284.01,44.56,0.842,0.316,-1.1
NREL,,44.56,0.842,0.316,-1.1
NREL,1041.0,44.56,0.842,0.316,-1.1
NREL,799.05,44.56,0.842,0.316,-1.1
NREL,,44.56,0.842,0.316,-1.1
NREL,227.54,44.56,0.842,0.316,-1.1
NREL,1111.9,44.56,0.842,0.316,-1.1
NREL,,44.56,0.842,0.316,-1.1
NREL,,44.56,0.842,0.316,-1.1
NREL,789.28,44.56,0.842,0.316,-1.1
NREL,1010.2,44.56,0.842,0.316,-1.1
NREL,,44.56,0.842,0.316,-1.1
NREL,271.39,44.56,0.842,0.316,-1.1
NREL,,44.56,0.842,0.316,-1.1
NREL,,44.56,0.842,0.316,-1.1
NREL,,44.56,0.842,0.316,-1.1
NREL,612.3,44.56,0.842,0.316,-1.1
NREL,728.4,44.56,0.842,0.316,-1.1
NREL,858.35,44.56,0.842,0.316,-1.1
NREL,,44.56,0.842,0.316,-1.1
NREL,,44.56,0.842,0.316,-1.1
NREL,814.66,44.56,0.842,0.316,-1.1
NREL,1017.7,44.56,0.842,0.316,-1.1
NREL,1002.5,44.56,0.842,0.316,-1.1
NREL,791.5,44.56,0.842,0.316,-1.1
NREL,,44.56,0.842,0.316,-1.1
NREL,331.2,44.56,0.842,0.316,-1.1
NREL,838.49,44.56,0.842,0.316,-1.1
NREL,,44.56,0.842,0.316,-1.1
NREL,318.1,44.56,0.842,0.316,-1.1
NREL,,44.56,0.842,0.316,-1.1
NREL,901.96,44.56,0.842,0.316,-1.1
NREL,655.35,44.56,0.842,0.316,-1.1
NREL,465.62,44.56,0.842,0.316,-1.1
NREL,800.29,44.56,0.842,0.316,-1.1
NREL,919.87,44.56,0.842,0.316,-1.1
NREL,,44.56,0.842,0.316,-1.1
NREL,,44.56,0.842,0.316,-1.1
NREL,534.5,44.56,0.842,0.316,-1.1
NREL,113.54,44.56,0.842,0.316,-1.1
NREL,,44.56,0.842,0.316,-1.1
NREL,134.36,44.56,0.842,0.316,-1.1
NREL,555.9,44.56,0.842,0.316,-1.1
NREL,596.82,44.56,0.842,0.316,-1.1
NREL,1117.3,44.56,0.842,0.316,-1.1
NREL,,44.56,0.842,0.316,-1.1
NREL,834.68,44.56,0.842,0.316,-1.1
NREL,462.44,44.56,0.842,0.316,-1.1
NREL,,44.56,0.842,0.316,-1.1
NREL,1140.3,44.56,0.842,0.316,-1.1
NREL,750.48,44.56,0.842,0.316,-1.1
NREL,,44.56,0.842,0.316,-1.1
NREL,,44.56,0.842,0.316,-1.1
NREL,748.46,44.56,0.842,0.316,-1.1
NREL,1083.8,44.56,0.842,0.316,-1.1
NREL,470.86,44.56,0.842,0.316,-1.1
NREL,1026.6,44.56,0.842,0.316,-1.1
NREL,,44.56,0.842,0.316,-1.1
NREL,,44.56,0.842,0.316,-1.1
NREL,688.83,44.56,0.842,0.316,-1.1
NREL,760.54,44.56,0.842,0.316,-1.1
NREL,158.42,44.56,0.842,0.316,-1.1
NREL,724.05,44.56,0.842,0.316,-1.1
NREL,530.58,44.56,0.842,0.316,-1.1
NREL,596.36,44.56,0.842,0.316,-1.1
NREL,492.38,44.56,0.842,0.316,-1.1
NREL,,44.56,0.842,0.316,-1.1
NREL,,44.56,0.842,0.316,-1.1
NREL,,44.56,0.842,0.316,-1.1
NREL,446.0,44.56,0.842,0.316,-1.1
NREL,,44.56,0.842,0.316,-1.1
NREL,325.78,44.56,0.842,0.316,-1.1
NREL,548.42,44.56,0.842,0.316,-1.1
NREL,1012.6,44.56,0.842,0.316,-1.1
NREL,,44.56,0.842,0.316,-1.1
NREL,800.67,44.56,0.842,0.316,-1.1
NREL,990.98,44.56,0.842,0.316,-1.1
NREL,328.85,44.56,0.842,0.316,-1.1
NREL,409.88,44.56,0.842,0.316,-1.1
NREL,716.69,44.56,0.842,0.316,-1.1
NREL,799.38,44.56,0.842,0.316,-1.1
NREL,763.26,44.56,0.842,0.316,-1.1
NREL,1049.0,44.56,0.842,0.316,-1.1
NREL,,44.56,0.842,0.316,-1.1
NREL,707.51,44.56,0.842,0.316,-1.1
NREL,1143.2,44.56,0.842,0.316,-1.1
NREL,970.57,44.56,0.842,0.316,-1.1
NREL,712.03,44.56,0.842,0.316,-1.1
NREL,1166.0,44.56,0.842,0.316,-1.1
NREL,,44.56,0.842,0.316,-1.1
NREL,,44.56,0.842,0.316,-1.1
NREL,523.05,44.56,0.842,0.316,-1.1
NREL,860.78,44.56,0.842,0.316,-1.1
NREL,949.88,44.56,0.842,0.316,-1.1
NREL,281.52,44.56,0.842,0.316,-1.1
NREL,733.85,44.56,0.842,0.316,-1.1
NREL,737.71,44.56,0.842,0.316,-1.1
NREL,265.0,44.56,0.842,0.316,-1.1
NREL,236.62,44.56,0.842,0.316,-1.1
NREL,,44.56,0.842,0.316,-1.1
NREL,542.82,44.56,0.842,0.316,-1.1
NREL,1062.1,44.56,0.842,0.316,-1.1
NREL,,44.56,0.842,0.316,-1.1
NREL,830.08,44.56,0.842,0.316,-1.1
NREL,185.8,44.56,0.842,0.316,-1.1
NREL,,44.56,0.842,0.316,-1.1
NREL,,44.56,0.842,0.316,-1.1
NREL,967.16,44.56,0.842,0.316,-1.1
NREL,665.72,44.56,0.842,0.316,-1.1
NREL,1108.0,44.56,0.842,0.316,-1.1
NREL,734.44,44.56,0.842,0.316,-1.1
NREL,226.46,44.56,0.842,0.316,-1.1
NREL,604.34,44.56,0.842,0.316,-1.1
NREL,,44.56,0.842,0.316,-1.1
NREL,374.98,44.56,0.842,0.316,-1.1
NREL,,44.56,0.842,0.316,-1.1
NREL,,44.56,0.842,0.316,-1.1
NREL,,44.56,0.842,0.316,-1.1
NREL,798.16,44.56,0.842,0.316,-1.1
NREL,211.72,44.56,0.842,0.316,-1.1
NREL,477.6,44.56,0.842,0.316,-1.1
NREL,846.38,44.56,0.842,0.316,-1.1
NREL,885.12,44.56,0.842,0.316,-1.1
NREL,,44.56,0.842,0.316,-1.1
NREL,344.54,44.56,0.842,0.316,-1.1
NREL,819.5,44.56,0.842,0.316,-1.1
NREL,,44.56,0.842,0.316,-1.1
NREL,897.68,44.56,0.842,0.316,-1.1
NREL,1162.6,44.56,0.842,0.316,-1.1
NREL,1132.3,44.56,0.842,0.316,-1.1
NREL,479.18,44.56,0.842,0.316,-1.1
NREL,728.6,44.56,0.842,0.316,-1.1
NREL,793.74,44.56,0.842,0.316,-1.1
NREL,,44.56,0.842,0.316,-1.1
NREL,579.29,44.56,0.842,0.316,-1.1
NREL,917.18,44.56,0.842,0.316,-1.1
NREL,617.23,44.56,0.842,0.316,-1.1
NREL,932.21,44.56,0.842,0.316,-1.1
NREL,715.72,44.56,0.842,0.316,-1.1
NREL,344.04,44.56,0.842,0.316,-1.1
NREL,588.02,44.56,0.842,0.316,-1.1
NREL,271.14,44.56,0.842,0.316,-1.1
NREL,,44.56,0.842,0.316,-1.1
NREL,258.63,44.56,0.842,0.316,-1.1
NREL,331.22,44.56,0.842,0.316,-1.1
NREL,580.39,44.56,0.842,0.316,-1.1
NREL,,44.56,0.842,0.316,-1.1
NREL,470.78,44.56,0.842,0.316,-1.1
NREL,935.71,44.56,0.842,0.316,-1.1
NREL,,44.56,0.842,0.316,-1.1
NREL,258.12,44.56,0.842,0.316,-1.1
NREL,532.98,44.56,0.842,0.316,-1.1
NREL,581.55,44.56,0.842,0.316,-1.1
NREL,763.26,44.56,0.842,0.316,-1.1
NREL,892.76,44.56,0.842,0.316,-1.1
NREL,,44.56,0.842,0.316,-1.1
NREL,477.38,44.56,0.842,0.316,-1.1
NREL,900.71,44.56,0.842,0.316,-1.1
NREL,1096.2,44.56,0.842,0.316,-1.1
NREL,,44.56,0.842,0.316,-1.1
NREL,,44.56,0.842,0.316,-1.1
NREL,988.27,44.56,0.842,0.316,-1.1
NREL,852.28,44.56,0.842,0.316,-1.1
NREL,283.96,44.56,0.842,0.316,-1.1
NREL,1169.1,44.56,0.842,0.316,-1.1
NREL,591.2,44.56,0.842,0.316,-1.1
NREL,535.02,44.56,0.842,0.316,-1.1
NREL,584.76,44.56,0.842,0.316,-1.1
NREL,1083.8,44.56,0.842,0.316,-1.1
NREL,,44.56,0.842,0.316,-1.1
NREL,,44.56,0.842,0.316,-1.1
NREL,227.18,44.56,0.842,0.316,-1.1
NREL,,44.56,0.842,0.316,-1.1
NREL,1138.3,44.56,0.842,0.316,-1.1
NREL,,44.56,0.842,0.316,-1.1
NREL,718.1,44.56,0.842,0.316,-1.1
NREL,630.26,44.56,0.842,0.316,-1.1
NREL,949.88,44.56,0.842,0.316,-1.1
NREL,1023.5,44.56,0.842,0.316,-1.1
NREL,638.54,44.56,0.842,0.316,-1.1
NREL,,44.56,0.842,0.316,-1.1
NREL,494.6,44.56,0.842,0.316,-1.1
NREL,,44.56,0.842,0.316,-1.1
NREL,,44.56,0.842,0.316,-1.1
NREL,,44.56,0.842,0.316,-1.1
NREL,,44.56,0.842,0.316,-1.1
NREL,892.3,44.56,0.842,0.316,-1.1
NREL,1083.8,44.56,0.842,0.316,-1.1
NREL,1047.8,44.56,0.842,0.316,-1.1
NREL,615.98,44.56,0.842,0.316,-1.1
NREL,,44.56,0.842,0.316,-1.1
NREL,570.23,44.56,0.842,0.316,-1.1
NREL,962.36,44.56,0.842,0.316,-1.1
NREL,359.42,44.56,0.842,0.316,-1.1
NREL,605.51,44.56,0.842,0.316,-1.1
NREL,799.32,44.56,0.842,0.316,-1.1
NREL,596.88,44.56,0.842,0.316,-1.1
NREL,1118.2,44.56,0.842,0.316,-1.1
NREL,,44.56,0.842,0.316,-1.1
NREL,827.75,44.56,0.842,0.316,-1.1
NREL,1122.5,44.56,0.842,0.316,-1.1
NREL,343.68,44.56,0.842,0.316,-1.1
NREL,,44.56,0.842,0.316,-1.1
NREL,,44.56,0.842,0.316,-1.1
NREL,774.3,44.56,0.842,0.316,-1.1
NREL,,44.56,0.842,0.316,-1.1
NREL,,44.56,0.842,0.316,-1.1
NREL,,44.56,0.842,0.316,-1.1
NREL,,44.56,0.842,0.316,-1.1
NREL,606.66,44.56,0.842,0.316,-1.1
NREL,1100.7,44.56,0.842,0.316,-1.1
NREL,241.12,44.56,0.842,0.316,-1.1
NREL,1026.0,44.56,0.842,0.316,-1.1
NREL,887.22,44.56,0.842,0.316,-1.1
NREL,,44.56,0.842,0.316,-1.1
NREL,,44.56,0.842,0.316,-1.1
NREL,,44.56,0.842,0.316,-1.1
NREL,142.7,44.56,0.842,0.316,-1.1
NREL,,44.56,0.842,0.316,-1.1
NREL,,44.56,0.842,0.316,-1.1
NREL,,44.56,0.842,0.316,-1.1
NREL,820.7,44.56,0.842,0.316,-1.1
NREL,671.01,44.56,0.842,0.316,-1.1
NREL,621.06,44.56,0.842,0.316,-1.1
NREL,900.56,44.56,0.842,0.316,-1.1
NREL,395.48,44.56,0.842,0.316,-1.1
NREL,615.54,44.56,0.842,0.316,-1.1
NREL,750.8,44.56,0.842,0.316,-1.1
NREL,985.72,44.56,0.842,0.316,-1.1
NREL,,44.56,0.842,0.316,-1.1
NREL,,44.56,0.842,0.316,-1.1
NREL,,44.56,0.842,0.316,-1.1
NREL,1166.1,44.56,0.842,0.316,-1.1
NREL,528.17,44.56,0.842,0.316,-1.1
NREL,917.18,44.56,0.842,0.316,-1.1
NREL,352.08,44.56,0.842,0.316,-1.1
NREL,,44.56,0.842,0.316,-1.1
NREL,1119.5,44.56,0.842,0.316,-1.1
NREL,424.88,44.56,0.842,0.316,-1.1
NREL,,44.56,0.842,0.316,-1.1
NREL,388.9,44.56,0.842,0.316,-1.1
NREL,566.73,44.56,0.842,0.316,-1.1
NREL,410.46,44.56,0.842,0.316,-1.1
NREL,1029.8,44.56,0.842,0.316,-1.1
NREL,705.64,44.56,0.842,0.316,-1.1
NREL,860.78,44.56,0.842,0.316,-1.1
NREL,355.43,44.56,0.842,0.316,-1.1
NREL,725.59,44.56,0.842,0.316,-1.1
NREL,,44.56,0.842,0.316,-1.1
NREL,,44.56,0.842,0.316,-1.1
NREL,,44.56,0.842,0.316,-1.1
NREL,612.46,44.56,0.842,0.316,-1.1
NREL,323.58,44.56,0.842,0.316,-1.1
NREL,1147.8,44.56,0.842,0.316,-1.1
NREL,407.72,44.56,0.842,0.316,-1.1
NREL,782.68,44.56,0.842,0.316,-1.1
NREL,,44.56,0.842,0.316,-1.1
NREL,,44.56,0.842,0.316,-1.1
NREL,740.04,44.56,0.842,0.316,-1.1
NREL,,44.56,0.842,0.316,-1.1
NREL,359.62,44.56,0.842,0.316,-1.1
NREL,,44.56,0.842,0.316,-1.1
NREL,314.78,44.56,0.842,0.316,-1.1
NREL,1074.9,44.56,0.842,0.316,-1.1
NREL,828.56,44.56,0.842,0.316,-1.1
NREL,1146.8,44.56,0.842,0.316,-1.1
NREL,379.28,44.56,0.842,0.316,-1.1
NREL,783.18,44.56,0.842,0.316,-1.1
NREL,783.42,44.56,0.842,0.316,-1.1
NREL,718.52,44.56,0.842,0.316,-1.1
NREL,904.82,44.56,0.842,0.316,-1.1
NREL,387.55,44.56,0.842,0.316,-1.1
NREL,,44.56,0.842,0.316,-1.1
NREL,,44.56,0.842,0.316,-1.1
NREL,543.25,44.56,0.842,0.316,-1.1
NREL,455.04,44.56,0.842,0.316,-1.1
NREL,362.97,44.56,0.842,0.316,-1.1
NREL,445.76,44.56,0.842,0.316,-1.1
NREL,617.8,44.56,0.842,0.316,-1.1
NREL,,44.56,0.842,0.316,-1.1
NREL,,44.56,0.842,0.316,-1.1
NREL,769.54,44.56,0.842,0.316,-1.1
NREL,179.46,44.56,0.842,0.316,-1.1
NREL,654.61,44.56,0.842,0.316,-1.1
NREL,349.18,44.56,0.842,0.316,-1.1
NREL,654.46,44.56,0.842,0.316,-1.1
NREL,,44.56,0.842,0.316,-1.1
NREL,,44.56,0.842,0.316,-1.1
NREL,,44.56,0.842,0.316,-1.1
NREL,,44.56,0.842,0.316,-1.1
NREL,621.18,44.56,0.842,0.316,-1.1
NREL,637.03,44.56,0.842,0.316,-1.1
NREL,,44.56,0.842,0.316,-1.1
NREL,,44.56,0.842,0.316,-1.1
NREL,,44.56,0.842,0.316,-1.1
NREL,900.56,44.56,0.842,0.316,-1.1
NREL,742.16,44.56,0.842,0.316,-1.1
NREL,1012.2,44.56,0.842,0.316,-1.1
NREL,,44.56,0.842,0.316,-1.1
NREL,,44.56,0.842,0.316,-1.1
NREL,243.6,44.56,0.842,0.316,-1.1
NREL,496.63,44.56,0.842,0.316,-1.1
NREL,952.06,44.56,0.842,0.316,-1.1
NREL,407.25,44.56,0.842,0.316,-1.1
NREL,,44.56,0.842,0.316,-1.1
NREL,1000.9,44.56,0.842,0.316,-1.1
NREL,716.92,44.56,0.842,0.316,-1.1
NREL,363.24,44.56,0.842,0.316,-1.1
NREL,300.92,44.56,0.842,0.316,-1.1
NREL,1144.6,44.56,0.842,0.316,-1.1
NREL,558.84,44.56,0.842,0.316,-1.1
NREL,190.88,44.56,0.842,0.316,-1.1
NREL,828.58,44.56,0.842,0.316,-1.1
NREL,913.38,44.56,0.842,0.316,-1.1
NREL,220.16,44.56,0.842,0.316,-1.1
NREL,,44.56,0.842,0.316,-1.1
NREL,569.94,44.56,0.842,0.316,-1.1
NREL,,44.56,0.842,0.316,-1.1
NREL,,44.56,0.842,0.316,-1.1
NREL,52.56,44.56,0.842,0.316,-1.1
NREL,,44.56,0.842,0.316,-1.1
NREL,,44.56,0.842,0.316,-1.1
NREL,830.42,44.56,0.842,0.316,-1.1
NREL,179.31,44.56,0.842,0.316,-1.1
NREL,,44.56,0.842,0.316,-1.1
NREL,,44.56,0.842,0.316,-1.1
NREL,,44.56,0.842,0.316,-1.1
NREL,118.94,44.56,0.842,0.316,-1.1
NREL,412.76,44.56,0.842,0.316,-1.1
NREL,964.07,44.56,0.842,0.316,-1.1
NREL,1145.3,44.56,0.842,0.316,-1.1
NREL,813.72,44.56,0.842,0.316,-1.1
NREL,1155.8,44.56,0.842,0.316,-1.1
NREL,159.02,44.56,0.842,0.316,-1.1
NREL,,44.56,0.842,0.316,-1.1
NREL,1076.2,44.56,0.842,0.316,-1.1
NREL,784.7,44.56,0.842,0.316,-1.1
NREL,791.16,44.56,0.842,0.316,-1.1
NREL,209.48,44.56,0.842,0.316,-1.1
NREL,,44.56,0.842,0.316,-1.1
NREL,604.41,44.56,0.842,0.316,-1.1
NREL,,44.56,0.842,0.316,-1.1
NREL,1123.2,44.56,0.842,0.316,-1.1
NREL,660.03,44.56,0.842,0.316,-1.1
NREL,573.12,44.56,0.842,0.316,-1.1
NREL,1136.4,44.56,0.842,0.316,-1.1
NREL,546.04,44.56,0.842,0.316,-1.1
NREL,317.0,44.56,0.842,0.316,-1.1
NREL,,44.56,0.842,0.316,-1.1
NREL,1024.4,44.56,0.842,0.316,-1.1
NREL,1047.1,44.56,0.842,0.316,-1.1
NREL,693.12,44.56,0.842,0.316,-1.1
NREL,290.67,44.56,0.842,0.316,-1.1
NREL,1022.1,44.56,0.842,0.316,-1.1
NREL,671.27,44.56,0.842,0.316,-1.1
NREL,,44.56,0.842,0.316,-1.1
NREL,241.12,44.56,0.842,0.316,-1.1
NREL,478.54,44.56,0.842,0.316,-1.1
NREL,1073.5,44.56,0.842,0.316,-1.1
NREL,297.12,44.56,0.842,0.316,-1.1
NREL,,44.56,0.842,0.316,-1.1
NREL,,44.56,0.842,0.316,-1.1
NREL,,44.56,0.842,0.316,-1.1
NREL,672.78,44.56,0.842,0.316,-1.1
NREL,917.45,44.56,0.842,0.316,-1.1
NREL,,44.56,0.842,0.316,-1.1
NREL,,44.56,0.842,0.316,-1.1
NREL,,44.56,0.842,0.316,-1.1
NREL,188.46,44.56,0.842,0.316,-1.1
NREL,918.28,44.56,0.842,0.316,-1.1
NREL,616.6,44.56,0.842,0.316,-1.1
NREL,,44.56,0.842,0.316,-1.1
NREL,1110.9,44.56,0.842,0.316,-1.1
NREL,,44.56,0.842,0.316,-1.1
NREL,701.42,44.56,0.842,0.316,-1.1
NREL,,44.56,0.842,0.316,-1.1
NREL,,44.56,0.842,0.316,-1.1
NREL,967.0,44.56,0.842,0.316,-1.1
NREL,435.45,44.56,0.842,0.316,-1.1
NREL,772.54,44.56,0.842,0.316,-1.1
NREL,786.31,44.56,0.842,0.316,-1.1
NREL,566.52,44.56,0.842,0.316,-1.1
NREL,,44.56,0.842,0.316,-1.1
NREL,730.42,44.56,0.842,0.316,-1.1
NREL,619.72,44.56,0.842,0.316,-1.1
NREL,1040.6,44.56,0.842,0.316,-1.1
NREL,,44.56,0.842,0.316,-1.1
NREL,,44.56,0.842,0.316,-1.1
NREL,,44.56,0.842,0.316,-1.1
NREL,,44.56,0.842,0.316,-1.1
NREL,,44.56,0.842,0.316,-1.1
NREL,677.16,44.56,0.842,0.316,-1.1
NREL,521.12,44.56,0.842,0.316,-1.1
NREL,363.17,44.56,0.842,0.316,-1.1
NREL,227.75,44.56,0.842,0.316,-1.1
NREL,,44.56,0.842,0.316,-1.1
NREL,261.89,44.56,0.842,0.316,-1.1
NREL,,44.56,0.842,0.316,-1.1
NREL,,44.56,0.842,0.316,-1.1
NREL,418.68,44.56,0.842,0.316,-1.1
NREL,,44.56,0.842,0.316,-1.1
NREL,324.9,44.56,0.842,0.316,-1.1
NREL,,44.56,0.842,0.316,-1.1
NREL,1011.9,44.56,0.842,0.316,-1.1
NREL,199.52,44.56,0.842,0.316,-1.1
NREL,,44.56,0.842,0.316,-1.1
NREL,,44.56,0.842,0.316,-1.1
NREL,751.29,44.56,0.842,0.316,-1.1
NREL,,44.56,0.842,0.316,-1.1
NREL,834.01,44.56,0.842,0.316,-1.1
NREL,232.92,44.56,0.842,0.316,-1.1
NREL,985.35,44.56,0.842,0.316,-1.1
NREL,,44.56,0.842,0.316,-1.1
NREL,836.84,44.56,0.842,0.316,-1.1
NREL,,44.56,0.842,0.316,-1.1
NREL,,44.56,0.842,0.316,-1.1
NREL,687.79,44.56,0.842,0.316,-1.1
NREL,321.57,44.56,0.842,0.316,-1.1
NREL,584.51,44.56,0.842,0.316,-1.1
NREL,,44.56,0.842,0.316,-1.1
NREL,,44.56,0.842,0.316,-1.1
NREL,,44.56,0.842,0.316,-1.1
NREL,432.06,44.56,0.842,0.316,-1.1
NREL,654.46,44.56,0.842,0.316,-1.1
NREL,,44.56,0.842,0.316,-1.1
NREL,658.53,44.56,0.842,0.316,-1.1
NREL,531.76,44.56,0.842,0.316,-1.1
NREL,645.58,44.56,0.842,0.316,-1.1
NREL,,44.56,0.842,0.316,-1.1
NREL,918.66,44.56,0.842,0.316,-1.1
NREL,777.58,44.56,0.842,0.316,-1.1
NREL,969.96,44.56,0.842,0.316,-1.1
NREL,563.32,44.56,0.842,0.316,-1.1
NREL,1076.5,44.56,0.842,0.316,-1.1
NREL,,44.56,0.842,0.316,-1.1
NREL,883.35,44.56,0.842,0.316,-1.1
NREL,952.64,44.56,0.842,0.316,-1.1
NREL,905.88,44.56,0.842,0.316,-1.1
NREL,619.76,44.56,0.842,0.316,-1.1
NREL,343.66,44.56,0.842,0.316,-1.1
NREL,,44.56,0.842,0.316,-1.1
NREL,858.35,44.56,0.842,0.316,-1.1
NREL,1610.4,44.56,0.842,0.316,-1.1
NREL,858.35,44.56,0.842,0.316,-1.1
NREL,,44.56,0.842,0.316,-1.1
NREL,1112.3,44.56,0.842,0.316,-1.1
NREL,486.54,44.56,0.842,0.316,-1.1
NREL,,44.56,0.842,0.316,-1.1
NREL,533.3,44.56,0.842,0.316,-1.1
NREL,1106.9,44.56,0.842,0.316,-1.1
NREL,921.61,44.56,0.842,0.316,-1.1
NREL,1025.1,44.56,0.842,0.316,-1.1
NREL,816.35,44.56,0.842,0.316,-1.1
NREL,572.09,44.56,0.842,0.316,-1.1
NREL,,44.56,0.842,0.316,-1.1
NREL,,44.56,0.842,0.316,-1.1
NREL,,44.56,0.842,0.316,-1.1
NREL,231.84,44.56,0.842,0.316,-1.1
NREL,544.82,44.56,0.842,0.316,-1.1
NREL,596.61,44.56,0.842,0.316,-1.1
NREL,,44.56,0.842,0.316,-1.1
NREL,672.42,44.56,0.842,0.316,-1.1
NREL,871.91,44.56,0.842,0.316,-1.1
NREL,750.8,44.56,0.842,0.316,-1.1
NREL,,44.56,0.842,0.316,-1.1
NREL,663.74,44.56,0.842,0.316,-1.1
NREL,715.22,44.56,0.842,0.316,-1.1
NREL,,44.56,0.842,0.316,-1.1
NREL,462.19,44.56,0.842,0.316,-1.1
NREL,878.86,44.56,0.842,0.316,-1.1
NREL,1013.98,44.56,0.842,0.316,-1.1
NREL,885.39,44.56,0.842,0.316,-1.1
NREL,368.28,44.56,0.842,0.316,-1.1
NREL,682.56,44.56,0.842,0.316,-1.1
NREL,337.68,44.56,0.842,0.316,-1.1
NREL,345.42,44.56,0.842,0.316,-1.1
NREL,906.66,44.56,0.842,0.316,-1.1
NREL,294.56,44.56,0.842,0.316,-1.1
NREL,657.4,44.56,0.842,0.316,-1.1
NREL,,44.56,0.842,0.316,-1.1
NREL,,44.56,0.842,0.316,-1.1
NREL,294.32,44.56,0.842,0.316,-1.1
NREL,,44.56,0.842,0.316,-1.1
NREL,489.31,44.56,0.842,0.316,-1.1
NREL,143.44,44.56,0.842,0.316,-1.1
NREL,599.44,44.56,0.842,0.316,-1.1
NREL,,44.56,0.842,0.316,-1.1
NREL,654.46,44.56,0.842,0.316,-1.1
NREL,1090.6,44.56,0.842,0.316,-1.1
NREL,,44.56,0.842,0.316,-1.1
NREL,,44.56,0.842,0.316,-1.1
NREL,,44.56,0.842,0.316,-1.1
NREL,878.13,44.56,0.842,0.316,-1.1
NREL,321.64,44.56,0.842,0.316,-1.1
NREL,888.73,44.56,0.842,0.316,-1.1
NREL,,44.56,0.842,0.316,-1.1
NREL,901.96,44.56,0.842,0.316,-1.1
NREL,334.34,44.56,0.842,0.316,-1.1
NREL,494.54,44.56,0.842,0.316,-1.1
NREL,,44.56,0.842,0.316,-1.1
NREL,484.68,44.56,0.842,0.316,-1.1
NREL,1032.9,44.56,0.842,0.316,-1.1
NREL,216.5,44.56,0.842,0.316,-1.1
NREL,671.56,44.56,0.842,0.316,-1.1
NREL,,44.56,0.842,0.316,-1.1
NREL,792.48,44.56,0.842,0.316,-1.1
NREL,669.94,44.56,0.842,0.316,-1.1
NREL,1028.6,44.56,0.842,0.316,-1.1
NREL,997.23,44.56,0.842,0.316,-1.1
NREL,,44.56,0.842,0.316,-1.1
NREL,,44.56,0.842,0.316,-1.1
NREL,943.83,44.56,0.842,0.316,-1.1
NREL,481.04,44.56,0.842,0.316,-1.1
NREL,1029.7,44.56,0.842,0.316,-1.1
NREL,,44.56,0.842,0.316,-1.1
NREL,1115.0,44.56,0.842,0.316,-1.1
NREL,782.87,44.56,0.842,0.316,-1.1
NREL,460.76,44.56,0.842,0.316,-1.1
NREL,531.3,44.56,0.842,0.316,-1.1
NREL,797.6,44.56,0.842,0.316,-1.1
NREL,962.31,44.56,0.842,0.316,-1.1
NREL,253.42,44.56,0.842,0.316,-1.1
NREL,,44.56,0.842,0.316,-1.1
NREL,630.6,44.56,0.842,0.316,-1.1
NREL,753.82,44.56,0.842,0.316,-1.1
NREL,1223.4,44.56,0.842,0.316,-1.1
NREL,304.3,44.56,0.842,0.316,-1.1
NREL,662.38,44.56,0.842,0.316,-1.1
NREL,423.08,44.56,0.842,0.316,-1.1
NREL,396.86,44.56,0.842,0.316,-1.1
NREL,1122.9,44.56,0.842,0.316,-1.1
NREL,,44.56,0.842,0.316,-1.1
NREL,681.4,44.56,0.842,0.316,-1.1
NREL,775.71,44.56,0.842,0.316,-1.1
NREL,901.44,44.56,0.842,0.316,-1.1
NREL,709.22,44.56,0.842,0.316,-1.1
NREL,924.86,44.56,0.842,0.316,-1.1
NREL,689.6,44.56,0.842,0.316,-1.1
NREL,393.07,44.56,0.842,0.316,-1.1
NREL,,44.56,0.842,0.316,-1.1
NREL,291.76,44.56,0.842,0.316,-1.1
NREL,668.4,44.56,0.842,0.316,-1.1
NREL,317.4,44.56,0.842,0.316,-1.1
NREL,1038.0,44.56,0.842,0.316,-1.1
NREL,584.54,44.56,0.842,0.316,-1.1
NREL,231.48,44.56,0.842,0.316,-1.1
NREL,415.8,44.56,0.842,0.316,-1.1
NREL,1100.7,44.56,0.842,0.316,-1.1
NREL,732.61,44.56,0.842,0.316,-1.1
NREL,,44.56,0.842,0.316,-1.1
NREL,729.62,44.56,0.842,0.316,-1.1
NREL,635.26,44.56,0.842,0.316,-1.1
NREL,,44.56,0.842,0.316,-1.1
NREL,524.57,44.56,0.842,0.316,-1.1
NREL,525.84,44.56,0.842,0.316,-1.1
NREL,155.86,44.56,0.842,0.316,-1.1
NREL,,44.56,0.842,0.316,-1.1
NREL,877.22,44.56,0.842,0.316,-1.1
NREL,947.69,44.56,0.842,0.316,-1.1
NREL,212.74,44.56,0.842,0.316,-1.1
NREL,910.72,44.56,0.842,0.316,-1.1
NREL,529.68,44.56,0.842,0.316,-1.1
NREL,,44.56,0.842,0.316,-1.1
NREL,504.06,44.56,0.842,0.316,-1.1
NREL,629.04,44.56,0.842,0.316,-1.1
NREL,650.26,44.56,0.842,0.316,-1.1
NREL,683.95,44.56,0.842,0.316,-1.1
NREL,,44.56,0.842,0.316,-1.1
NREL,373.59,44.56,0.842,0.316,-1.1
NREL,764.09,44.56,0.842,0.316,-1.1
NREL,360.96,44.56,0.842,0.316,-1.1
NREL,253.72,44.56,0.842,0.316,-1.1
NREL,974.67,44.56,0.842,0.316,-1.1
NREL,,44.56,0.842,0.316,-1.1
NREL,1106.0,44.56,0.842,0.316,-1.1
NREL,173.42,44.56,0.842,0.316,-1.1
NREL,465.8,44.56,0.842,0.316,-1.1
NREL,741.74,44.56,0.842,0.316,-1.1
NREL,,44.56,0.842,0.316,-1.1
NREL,,44.56,0.842,0.316,-1.1
NREL,970.77,44.56,0.842,0.316,-1.1
NREL,,44.56,0.842,0.316,-1.1
NREL,,44.56,0.842,0.316,-1.1
NREL,1009.5,44.56,0.842,0.316,-1.1
NREL,1121.7,44.56,0.842,0.316,-1.1
NREL,1015.1,44.56,0.842,0.316,-1.1
NREL,900.56,44.56,0.842,0.316,-1.1
NREL,709.08,44.56,0.842,0.316,-1.1
NREL,701.19,44.56,0.842,0.316,-1.1
NREL,297.81,44.56,0.842,0.316,-1.1
NREL,1114.1,44.56,0.842,0.316,-1.1
NREL,260.42,44.56,0.842,0.316,-1.1
NREL,440.04,44.56,0.842,0.316,-1.1
NREL,,44.56,0.842,0.316,-1.1
NREL,819.78,44.56,0.842,0.316,-1.1
NREL,575.24,44.56,0.842,0.316,-1.1
NREL,716.92,44.56,0.842,0.316,-1.1
NREL,,44.56,0.842,0.316,-1.1
NREL,,44.56,0.842,0.316,-1.1
NREL,854.93,44.56,0.842,0.316,-1.1
NREL,785.25,44.56,0.842,0.316,-1.1
NREL,392.82,44.56,0.842,0.316,-1.1
NREL,995.02,44.56,0.842,0.316,-1.1
NREL,726.57,44.56,0.842,0.316,-1.1
NREL,374.83,44.56,0.842,0.316,-1.1
NREL,633.79,44.56,0.842,0.316,-1.1
NREL,747.8,44.56,0.842,0.316,-1.1
NREL,410.65,44.56,0.842,0.316,-1.1
NREL,,44.56,0.842,0.316,-1.1
NREL,760.21,44.56,0.842,0.316,-1.1
NREL,746.2,44.56,0.842,0.316,-1.1
NREL,567.0,44.56,0.842,0.316,-1.1
NREL,,44.56,0.842,0.316,-1.1
NREL,619.52,44.56,0.842,0.316,-1.1
NREL,,44.56,0.842,0.316,-1.1
NREL,590.3,44.56,0.842,0.316,-1.1
NREL,455.04,44.56,0.842,0.316,-1.1
NREL,,44.56,0.842,0.316,-1.1
NREL,542.08,44.56,0.842,0.316,-1.1
NREL,308.35,44.56,0.842,0.316,-1.1
NREL,389.15,44.56,0.842,0.316,-1.1
NREL,482.76,44.56,0.842,0.316,-1.1
NREL,421.06,44.56,0.842,0.316,-1.1
NREL,,44.56,0.842,0.316,-1.1
NREL,,44.56,0.842,0.316,-1.1
NREL,887.46,44.56,0.842,0.316,-1.1
NREL,772.33,44.56,0.842,0.316,-1.1
NREL,,44.56,0.842,0.316,-1.1
NREL,642.82,44.56,0.842,0.316,-1.1
NREL,689.4,44.56,0.842,0.316,-1.1
NREL,274.4,44.56,0.842,0.316,-1.1
NREL,,44.56,0.842,0.316,-1.1
NREL,352.15,44.56,0.842,0.316,-1.1
NREL,837.87,44.56,0.842,0.316,-1.1
NREL,288.76,44.56,0.842,0.316,-1.1
NREL,1043.4,44.56,0.842,0.316,-1.1
NREL,,44.56,0.842,0.316,-1.1
NREL,,44.56,0.842,0.316,-1.1
NREL,954.89,44.56,0.842,0.316,-1.1
NREL,587.44,44.56,0.842,0.316,-1.1
NREL,,44.56,0.842,0.316,-1.1
NREL,1021.4,44.56,0.842,0.316,-1.1
NREL,,44.56,0.842,0.316,-1.1
NREL,,44.56,0.842,0.316,-1.1
NREL,942.04,44.56,0.842,0.316,-1.1
NREL,376.28,44.56,0.842,0.316,-1.1
NREL,419.3,44.56,0.842,0.316,-1.1
NREL,710.54,44.56,0.842,0.316,-1.1
NREL,,44.56,0.842,0.316,-1.1
NREL,,44.56,0.842,0.316,-1.1
NREL,590.8,44.56,0.842,0.316,-1.1
NREL,,44.56,0.842,0.316,-1.1
NREL,,44.56,0.842,0.316,-1.1
NREL,,44.56,0.842,0.316,-1.1
NREL,774.55,44.56,0.842,0.316,-1.1
NREL,827.7,44.56,0.842,0.316,-1.1
NREL,785.25,44.56,0.842,0.316,-1.1
NREL,719.0,44.56,0.842,0.316,-1.1
NREL,,44.56,0.842,0.316,-1.1
NREL,,44.56,0.842,0.316,-1.1
NREL,709.31,44.56,0.842,0.316,-1.1
NREL,,44.56,0.842,0.316,-1.1
NREL,493.06,44.56,0.842,0.316,-1.1
NREL,,44.56,0.842,0.316,-1.1
NREL,,44.56,0.842,0.316,-1.1
NREL,,44.56,0.842,0.316,-1.1
NREL,751.16,44.56,0.842,0.316,-1.1
NREL,,44.56,0.842,0.316,-1.1
NREL,876.22,44.56,0.842,0.316,-1.1
NREL,858.21,44.56,0.842,0.316,-1.1
NREL,368.96,44.56,0.842,0.316,-1.1
NREL,1105.6,44.56,0.842,0.316,-1.1
NREL,255.76,44.56,0.842,0.316,-1.1
NREL,702.58,44.56,0.842,0.316,-1.1
NREL,610.68,44.56,0.842,0.316,-1.1
NREL,,44.56,0.842,0.316,-1.1
NREL,1020.0,44.56,0.842,0.316,-1.1
NREL,,44.56,0.842,0.316,-1.1
NREL,957.61,44.56,0.842,0.316,-1.1
NREL,1021.8,44.56,0.842,0.316,-1.1
NREL,965.97,44.56,0.842,0.316,-1.1
NREL,656.22,44.56,0.842,0.316,-1.1
NREL,366.16,44.56,0.842,0.316,-1.1
NREL,1106.8,44.56,0.842,0.316,-1.1
NREL,,44.56,0.842,0.316,-1.1
NREL,,44.56,0.842,0.316,-1.1
NREL,,44.56,0.842,0.316,-1.1
NREL,618.04,44.56,0.842,0.316,-1.1
NREL,,44.56,0.842,0.316,-1.1
NREL,634.83,44.56,0.842,0.316,-1.1
NREL,680.19,44.56,0.842,0.316,-1.1
NREL,471.8,44.56,0.842,0.316,-1.1
NREL,,44.56,0.842,0.316,-1.1
NREL,381.61,44.56,0.842,0.316,-1.1
NREL,224.94,44.56,0.842,0.316,-1.1
NREL,523.38,44.56,0.842,0.316,-1.1
NREL,914.16,44.56,0.842,0.316,-1.1
NREL,,44.56,0.842,0.316,-1.1
NREL,515.94,44.56,0.842,0.316,-1.1
NREL,262.46,44.56,0.842,0.316,-1.1
NREL,999.19,44.56,0.842,0.316,-1.1
NREL,1125.38,44.56,0.842,0.316,-1.1
NREL,455.73,44.56,0.842,0.316,-1.1
NREL,898.78,44.56,0.842,0.316,-1.1
NREL,325.51,44.56,0.842,0.316,-1.1
NREL,947.24,44.56,0.842,0.316,-1.1
NREL,901.84,44.56,0.842,0.316,-1.1
NREL,624.25,44.56,0.842,0.316,-1.1
NREL,883.2,44.56,0.842,0.316,-1.1
NREL,700.26,44.56,0.842,0.316,-1.1
NREL,737.0,44.56,0.842,0.316,-1.1
NREL,,44.56,0.842,0.316,-1.1
NREL,887.19,44.56,0.842,0.316,-1.1
NREL,112.7,44.56,0.842,0.316,-1.1
NREL,,44.56,0.842,0.316,-1.1
NREL,368.1,44.56,0.842,0.316,-1.1
NREL,351.88,44.56,0.842,0.316,-1.1
NREL,987.82,44.56,0.842,0.316,-1.1
NREL,233.56,44.56,0.842,0.316,-1.1
NREL,1004.0,44.56,0.842,0.316,-1.1
NREL,1127.2,44.56,0.842,0.316,-1.1
NREL,,44.56,0.842,0.316,-1.1
NREL,707.51,44.56,0.842,0.316,-1.1
NREL,,44.56,0.842,0.316,-1.1
NREL,873.36,44.56,0.842,0.316,-1.1
NREL,474.29,44.56,0.842,0.316,-1.1
NREL,116.18,44.56,0.842,0.316,-1.1
NREL,741.98,44.56,0.842,0.316,-1.1
NREL,114.18,44.56,0.842,0.316,-1.1
NREL,,44.56,0.842,0.316,-1.1
NREL,,44.56,0.842,0.316,-1.1
NREL,,44.56,0.842,0.316,-1.1
NREL,,44.56,0.842,0.316,-1.1
NREL,672.59,44.56,0.842,0.316,-1.1
NREL,1135.5,44.56,0.842,0.316,-1.1
NREL,1094.4,44.56,0.842,0.316,-1.1
NREL,,44.56,0.842,0.316,-1.1
NREL,496.62,44.56,0.842,0.316,-1.1
NREL,750.21,44.56,0.842,0.316,-1.1
NREL,1039.5,44.56,0.842,0.316,-1.1
NREL,837.87,44.56,0.842,0.316,-1.1
NREL,698.88,44.56,0.842,0.316,-1.1
NREL,428.71,44.56,0.842,0.316,-1.1
NREL,,44.56,0.842,0.316,-1.1
NREL,,44.56,0.842,0.316,-1.1
NREL,991.15,44.56,0.842,0.316,-1.1
NREL,,44.56,0.842,0.316,-1.1
NREL,,44.56,0.842,0.316,-1.1
NREL,706.3,44.56,0.842,0.316,-1.1
NREL,420.42,44.56,0.842,0.316,-1.1
NREL,511.68,44.56,0.842,0.316,-1.1
NREL,478.84,44.56,0.842,0.316,-1.1
NREL,506.34,44.56,0.842,0.316,-1.1
NREL,,44.56,0.842,0.316,-1.1
NREL,939.03,44.56,0.842,0.316,-1.1
NREL,968.98,44.56,0.842,0.316,-1.1
NREL,1142.7,44.56,0.842,0.316,-1.1
NREL,1236.7,44.56,0.842,0.316,-1.1
NREL,441.24,44.56,0.842,0.316,-1.1
NREL,1067.4,44.56,0.842,0.316,-1.1
NREL,558.05,44.56,0.842,0.316,-1.1
NREL,912.04,44.56,0.842,0.316,-1.1
NREL,1028.8,44.56,0.842,0.316,-1.1
NREL,194.76,44.56,0.842,0.316,-1.1
NREL,,44.56,0.842,0.316,-1.1
NREL,,44.56,0.842,0.316,-1.1
NREL,,44.56,0.842,0.316,-1.1
NREL,,44.56,0.842,0.316,-1.1
NREL,583.32,44.56,0.842,0.316,-1.1
NREL,837.71,44.56,0.842,0.316,-1.1
NREL,283.92,44.56,0.842,0.316,-1.1
NREL,,44.56,0.842,0.316,-1.1
NREL,,44.56,0.842,0.316,-1.1
NREL,715.72,44.56,0.842,0.316,-1.1
NREL,,44.56,0.842,0.316,-1.1
NREL,481.9,44.56,0.842,0.316,-1.1
NREL,477.36,44.56,0.842,0.316,-1.1
NREL,248.2,44.56,0.842,0.316,-1.1
NREL,223.61,44.56,0.842,0.316,-1.1
NREL,713.71,44.56,0.842,0.316,-1.1
NREL,736.55,44.56,0.842,0.316,-1.1
NREL,888.93,44.56,0.842,0.316,-1.1
NREL,,44.56,0.842,0.316,-1.1
NREL,957.44,44.56,0.842,0.316,-1.1
NREL,848.19,44.56,0.842,0.316,-1.1
NREL,,44.56,0.842,0.316,-1.1
NREL,,44.56,0.842,0.316,-1.1
NREL,384.32,44.56,0.842,0.316,-1.1
NREL,,44.56,0.842,0.316,-1.1
NREL,791.55,44.56,0.842,0.316,-1.1
NREL,315.3,44.56,0.842,0.316,-1.1
NREL,,44.56,0.842,0.316,-1.1
NREL,,44.56,0.842,0.316,-1.1
NREL,837.43,44.56,0.842,0.316,-1.1
NREL,468.6,44.56,0.842,0.316,-1.1
NREL,553.22,44.56,0.842,0.316,-1.1
NREL,,44.56,0.842,0.316,-1.1
NREL,,44.56,0.842,0.316,-1.1
NREL,,44.56,0.842,0.316,-1.1
NREL,,44.56,0.842,0.316,-1.1
NREL,628.86,44.56,0.842,0.316,-1.1
NREL,,44.56,0.842,0.316,-1.1
NREL,654.46,44.56,0.842,0.316,-1.1
NREL,1378.5,44.56,0.842,0.316,-1.1
NREL,677.55,44.56,0.842,0.316,-1.1
NREL,,44.56,0.842,0.316,-1.1
NREL,,44.56,0.842,0.316,-1.1
NREL,299.32,44.56,0.842,0.316,-1.1
NREL,,44.56,0.842,0.316,-1.1
NREL,693.68,44.56,0.842,0.316,-1.1
NREL,999.93,44.56,0.842,0.316,-1.1
NREL,486.04,44.56,0.842,0.316,-1.1
NREL,613.92,44.56,0.842,0.316,-1.1
NREL,746.91,44.56,0.842,0.316,-1.1
NREL,1062.9,44.56,0.842,0.316,-1.1
NREL,762.95,44.56,0.842,0.316,-1.1
NREL,870.94,44.56,0.842,0.316,-1.1
NREL,,44.56,0.842,0.316,-1.1
NREL,,44.56,0.842,0.316,-1.1
NREL,787.28,44.56,0.842,0.316,-1.1
NREL,257.32,44.56,0.842,0.316,-1.1
NREL,,44.56,0.842,0.316,-1.1
NREL,809.63,44.56,0.842,0.316,-1.1
NREL,700.7,44.56,0.842,0.316,-1.1
NREL,489.95,44.56,0.842,0.316,-1.1
NREL,,44.56,0.842,0.316,-1.1
NREL,508.03,44.56,0.842,0.316,-1.1
NREL,1074.7,44.56,0.842,0.316,-1.1
NREL,208.48,44.56,0.842,0.316,-1.1
NREL,,44.56,0.842,0.316,-1.1
NREL,511.52,44.56,0.842,0.316,-1.1
NREL,1103.9,44.56,0.842,0.316,-1.1
NREL,1103.2,44.56,0.842,0.316,-1.1
NREL,634.92,44.56,0.842,0.316,-1.1
NREL,917.18,44.56,0.842,0.316,-1.1
NREL,377.82,44.56,0.842,0.316,-1.1
NREL,,44.56,0.842,0.316,-1.1
NREL,1137.5,44.56,0.842,0.316,-1.1
NREL,1106.9,44.56,0.842,0.316,-1.1
NREL,814.66,44.56,0.842,0.316,-1.1
NREL,,44.56,0.842,0.316,-1.1
NREL,,44.56,0.842,0.316,-1.1
NREL,864.72,44.56,0.842,0.316,-1.1
NREL,599.82,44.56,0.842,0.316,-1.1
NREL,513.3,44.56,0.842,0.316,-1.1
NREL,861.4,44.56,0.842,0.316,-1.1
NREL,229.8,44.56,0.842,0.316,-1.1
NREL,189.98,44.56,0.842,0.316,-1.1
NREL,700.52,44.56,0.842,0.316,-1.1
NREL,1060.4,44.56,0.842,0.316,-1.1
NREL,1031.9,44.56,0.842,0.316,-1.1
NREL,951.99,44.56,0.842,0.316,-1.1
NREL,566.23,44.56,0.842,0.316,-1.1
NREL,,44.56,0.842,0.316,-1.1
NREL,,44.56,0.842,0.316,-1.1
NREL,911.74,44.56,0.842,0.316,-1.1
NREL,,44.56,0.842,0.316,-1.1
NREL,688.96,44.56,0.842,0.316,-1.1
NREL,437.07,44.56,0.842,0.316,-1.1
NREL,428.18,44.56,0.842,0.316,-1.1
NREL,659.09,44.56,0.842,0.316,-1.1
NREL,428.02,44.56,0.842,0.316,-1.1
NREL,679.44,44.56,0.842,0.316,-1.1
NREL,330.32,44.56,0.842,0.316,-1.1
NREL,435.45,44.56,0.842,0.316,-1.1
NREL,687.79,44.56,0.842,0.316,-1.1
NREL,,44.56,0.842,0.316,-1.1
NREL,,44.56,0.842,0.316,-1.1
NREL,1025.2,44.56,0.842,0.316,-1.1
NREL,828.56,44.56,0.842,0.316,-1.1
NREL,546.08,44.56,0.842,0.316,-1.1
NREL,847.66,44.56,0.842,0.316,-1.1
NREL,850.64,44.56,0.842,0.316,-1.1
NREL,895.85,44.56,0.842,0.316,-1.1
NREL,732.59,44.56,0.842,0.316,-1.1
NREL,,44.56,0.842,0.316,-1.1
NREL,968.11,44.56,0.842,0.316,-1.1
NREL,925.75,44.56,0.842,0.316,-1.1
NREL,,44.56,0.842,0.316,-1.1
NREL,1124.6,44.56,0.842,0.316,-1.1
NREL,484.7,44.56,0.842,0.316,-1.1
NREL,,44.56,0.842,0.316,-1.1
NREL,428.02,44.56,0.842,0.316,-1.1
NREL,,44.56,0.842,0.316,-1.1
NREL,987.79,44.56,0.842,0.316,-1.1
NREL,791.1,44.56,0.842,0.316,-1.1
NREL,1122.7,44.56,0.842,0.316,-1.1
NREL,813.54,44.56,0.842,0.316,-1.1
NREL,537.52,44.56,0.842,0.316,-1.1
NREL,,44.56,0.842,0.316,-1.1
NREL,283.82,44.56,0.842,0.316,-1.1
NREL,,44.56,0.842,0.316,-1.1
NREL,640.04,44.56,0.842,0.316,-1.1
NREL,652.46,44.56,0.842,0.316,-1.1
NREL,,44.56,0.842,0.316,-1.1
NREL,629.32,44.56,0.842,0.316,-1.1
NREL,,44.56,0.842,0.316,-1.1
NREL,610.28,44.56,0.842,0.316,-1.1
NREL,433.68,44.56,0.842,0.316,-1.1
NREL,,44.56,0.842,0.316,-1.1
NREL,392.46,44.56,0.842,0.316,-1.1
NREL,495.04,44.56,0.842,0.316,-1.1
NREL,674.2,44.56,0.842,0.316,-1.1
NREL,,44.56,0.842,0.316,-1.1
NREL,,44.56,0.842,0.316,-1.1
NREL,398.49,44.56,0.842,0.316,-1.1
NREL,1092.1,44.56,0.842,0.316,-1.1
NREL,,44.56,0.842,0.316,-1.1
NREL,615.38,44.56,0.842,0.316,-1.1
NREL,244.12,44.56,0.842,0.316,-1.1
NREL,206.92,44.56,0.842,0.316,-1.1
NREL,,44.56,0.842,0.316,-1.1
NREL,706.88,44.56,0.842,0.316,-1.1
NREL,,44.56,0.842,0.316,-1.1
NREL,682.15,44.56,0.842,0.316,-1.1
NREL,596.45,44.56,0.842,0.316,-1.1
NREL,493.2,44.56,0.842,0.316,-1.1
NREL,,44.56,0.842,0.316,-1.1
NREL,977.32,44.56,0.842,0.316,-1.1
NREL,703.95,44.56,0.842,0.316,-1.1
NREL,,44.56,0.842,0.316,-1.1
NREL,151.34,44.56,0.842,0.316,-1.1
NREL,317.4,44.56,0.842,0.316,-1.1
NREL,727.05,44.56,0.842,0.316,-1.1
NREL,581.14,44.56,0.842,0.316,-1.1
NREL,623.16,44.56,0.842,0.316,-1.1
NREL,599.75,44.56,0.842,0.316,-1.1
NREL,,44.56,0.842,0.316,-1.1
NREL,1093.2,44.56,0.842,0.316,-1.1
NREL,621.05,44.56,0.842,0.316,-1.1
NREL,,44.56,0.842,0.316,-1.1
NREL,472.73,44.56,0.842,0.316,-1.1
NREL,,44.56,0.842,0.316,-1.1
NREL,328.06,44.56,0.842,0.316,-1.1
NREL,716.04,44.56,0.842,0.316,-1.1
NREL,,44.56,0.842,0.316,-1.1
NREL,1129.3,44.56,0.842,0.316,-1.1
NREL,1077.5,44.56,0.842,0.316,-1.1
NREL,,44.56,0.842,0.316,-1.1
NREL,256.16,44.56,0.842,0.316,-1.1
NREL,252.54,44.56,0.842,0.316,-1.1
NREL,449.35,44.56,0.842,0.316,-1.1
NREL,,44.56,0.842,0.316,-1.1
NREL,253.61,44.56,0.842,0.316,-1.1
NREL,,44.56,0.842,0.316,-1.1
NREL,,44.56,0.842,0.316,-1.1
NREL,1168.6,44.56,0.842,0.316,-1.1
NREL,970.89,44.56,0.842,0.316,-1.1
NREL,,44.56,0.842,0.316,-1.1
NREL,,44.56,0.842,0.316,-1.1
NREL,,44.56,0.842,0.316,-1.1
NREL,1038.2,44.56,0.842,0.316,-1.1
NREL,1022.8,44.56,0.842,0.316,-1.1
NREL,1032.3,44.56,0.842,0.316,-1.1
NREL,777.78,44.56,0.842,0.316,-1.1
NREL,633.4,44.56,0.842,0.316,-1.1
NREL,901.17,44.56,0.842,0.316,-1.1
NREL,464.31,44.56,0.842,0.316,-1.1
NREL,614.12,44.56,0.842,0.316,-1.1
NREL,897.68,44.56,0.842,0.316,-1.1
NREL,691.09,44.56,0.842,0.316,-1.1
NREL,275.94,44.56,0.842,0.316,-1.1
NREL,920.46,44.56,0.842,0.316,-1.1
NREL,1020.0,44.56,0.842,0.316,-1.1
NREL,420.2,44.56,0.842,0.316,-1.1
NREL,230.6,44.56,0.842,0.316,-1.1
NREL,,44.56,0.842,0.316,-1.1
NREL,834.14,44.56,0.842,0.316,-1.1
NREL,715.26,44.56,0.842,0.316,-1.1
NREL,,44.56,0.842,0.316,-1.1
NREL,286.68,44.56,0.842,0.316,-1.1
NREL,1006.7,44.56,0.842,0.316,-1.1
NREL,,44.56,0.842,0.316,-1.1
NREL,290.52,44.56,0.842,0.316,-1.1
NREL,431.89,44.56,0.842,0.316,-1.1
NREL,316.44,44.56,0.842,0.316,-1.1
NREL,850.64,44.56,0.842,0.316,-1.1
NREL,1109.0,44.56,0.842,0.316,-1.1
NREL,802.95,44.56,0.842,0.316,-1.1
NREL,838.13,44.56,0.842,0.316,-1.1
NREL,877.45,44.56,0.842,0.316,-1.1
NREL,399.98,44.56,0.842,0.316,-1.1
NREL,1117.4,44.56,0.842,0.316,-1.1
NREL,,44.56,0.842,0.316,-1.1
NREL,368.32,44.56,0.842,0.316,-1.1
NREL,738.21,44.56,0.842,0.316,-1.1
NREL,,44.56,0.842,0.316,-1.1
NREL,516.21,44.56,0.842,0.316,-1.1
NREL,,44.56,0.842,0.316,-1.1
NREL,,44.56,0.842,0.316,-1.1
NREL,235.84,44.56,0.842,0.316,-1.1
NREL,,44.56,0.842,0.316,-1.1
NREL,,44.56,0.842,0.316,-1.1
NREL,,44.56,0.842,0.316,-1.1
NREL,,44.56,0.842,0.316,-1.1
NREL,491.06,44.56,0.842,0.316,-1.1
NREL,729.82,44.56,0.842,0.316,-1.1
NREL,853.23,44.56,0.842,0.316,-1.1
NREL,733.06,44.56,0.842,0.316,-1.1
NREL,,44.56,0.842,0.316,-1.1
NREL,656.22,44.56,0.842,0.316,-1.1
NREL,575.38,44.56,0.842,0.316,-1.1
NREL,,44.56,0.842,0.316,-1.1
NREL,,44.56,0.842,0.316,-1.1
NREL,342.08,44.56,0.842,0.316,-1.1
NREL,,44.56,0.842,0.316,-1.1
NREL,561.95,44.56,0.842,0.316,-1.1
NREL,,44.56,0.842,0.316,-1.1
NREL,646.55,44.56,0.842,0.316,-1.1
NREL,1040.9,44.56,0.842,0.316,-1.1
NREL,458.87,44.56,0.842,0.316,-1.1
NREL,238.44,44.56,0.842,0.316,-1.1
NREL,,44.56,0.842,0.316,-1.1
NREL,,44.56,0.842,0.316,-1.1
NREL,738.12,44.56,0.842,0.316,-1.1
NREL,,44.56,0.842,0.316,-1.1
NREL,254.33,44.56,0.842,0.316,-1.1
NREL,356.97,44.56,0.842,0.316,-1.1
NREL,654.46,44.56,0.842,0.316,-1.1
NREL,738.35,44.56,0.842,0.316,-1.1
NREL,1145.0,44.56,0.842,0.316,-1.1
NREL,421.7,44.56,0.842,0.316,-1.1
NREL,809.34,44.56,0.842,0.316,-1.1
NREL,968.34,44.56,0.842,0.316,-1.1
NREL,,44.56,0.842,0.316,-1.1
NREL,942.41,44.56,0.842,0.316,-1.1
NREL,675.86,44.56,0.842,0.316,-1.1
NREL,,44.56,0.842,0.316,-1.1
NREL,858.35,44.56,0.842,0.316,-1.1
NREL,,44.56,0.842,0.316,-1.1
NREL,960.32,44.56,0.842,0.316,-1.1
NREL,,44.56,0.842,0.316,-1.1
NREL,,44.56,0.842,0.316,-1.1
NREL,1010.6,44.56,0.842,0.316,-1.1
NREL,624.88,44.56,0.842,0.316,-1.1
NREL,494.85,44.56,0.842,0.316,-1.1
NREL,158.3,44.56,0.842,0.316,-1.1
NREL,770.21,44.56,0.842,0.316,-1.1
NREL,971.44,44.56,0.842,0.316,-1.1
NREL,729.59,44.56,0.842,0.316,-1.1
NREL,,44.56,0.842,0.316,-1.1
NREL,,44.56,0.842,0.316,-1.1
NREL,,44.56,0.842,0.316,-1.1
NREL,198.1,44.56,0.842,0.316,-1.1
NREL,657.4,44.56,0.842,0.316,-1.1
NREL,566.7,44.56,0.842,0.316,-1.1
NREL,620.85,44.56,0.842,0.316,-1.1
NREL,,44.56,0.842,0.316,-1.1
NREL,135.12,44.56,0.842,0.316,-1.1
NREL,616.41,44.56,0.842,0.316,-1.1
NREL,539.26,44.56,0.842,0.316,-1.1
NREL,656.78,44.56,0.842,0.316,-1.1
NREL,,44.56,0.842,0.316,-1.1
NREL,435.45,44.56,0.842,0.316,-1.1
NREL,427.34,44.56,0.842,0.316,-1.1
NREL,776.72,44.56,0.842,0.316,-1.1
NREL,812.12,44.56,0.842,0.316,-1.1
NREL,366.52,44.56,0.842,0.316,-1.1
NREL,,44.56,0.842,0.316,-1.1
NREL,877.17,44.56,0.842,0.316,-1.1
NREL,774.0,44.56,0.842,0.316,-1.1
NREL,957.05,44.56,0.842,0.316,-1.1
NREL,,44.56,0.842,0.316,-1.1
NREL,750.8,44.56,0.842,0.316,-1.1
NREL,562.3,44.56,0.842,0.316,-1.1
NREL,1277.3,44.56,0.842,0.316,-1.1
NREL,750.94,44.56,0.842,0.316,-1.1
NREL,1083.2,44.56,0.842,0.316,-1.1
NREL,468.26,44.56,0.842,0.316,-1.1
NREL,,44.56,0.842,0.316,-1.1
NREL,1005.58,44.56,0.842,0.316,-1.1
NREL,,44.56,0.842,0.316,-1.1
NREL,443.78,44.56,0.842,0.316,-1.1
NREL,473.88,44.56,0.842,0.316,-1.1
NREL,305.02,44.56,0.842,0.316,-1.1
NREL,1016.6,44.56,0.842,0.316,-1.1
NREL,690.62,44.56,0.842,0.316,-1.1
NREL,1103.2,44.56,0.842,0.316,-1.1
NREL,602.84,44.56,0.842,0.316,-1.1
NREL,799.17,44.56,0.842,0.316,-1.1
NREL,,44.56,0.842,0.316,-1.1
NREL,,44.56,0.842,0.316,-1.1
NREL,1037.3,44.56,0.842,0.316,-1.1
NREL,371.02,44.56,0.842,0.316,-1.1
NREL,,44.56,0.842,0.316,-1.1
NREL,705.82,44.56,0.842,0.316,-1.1
NREL,,44.56,0.842,0.316,-1.1
NREL,589.18,44.56,0.842,0.316,-1.1
NREL,,44.56,0.842,0.316,-1.1
NREL,,44.56,0.842,0.316,-1.1
NREL,576.1,44.56,0.842,0.316,-1.1
NREL,647.9,44.56,0.842,0.316,-1.1
NREL,531.54,44.56,0.842,0.316,-1.1
NREL,814.42,44.56,0.842,0.316,-1.1
NREL,317.14,44.56,0.842,0.316,-1.1
NREL,124.44,44.56,0.842,0.316,-1.1
NREL,742.18,44.56,0.842,0.316,-1.1
NREL,1047.2,44.56,0.842,0.316,-1.1
NREL,869.04,44.56,0.842,0.316,-1.1
NREL,1036.92,44.56,0.842,0.316,-1.1
NREL,677.59,44.56,0.842,0.316,-1.1
NREL,,44.56,0.842,0.316,-1.1
NREL,1025.9,44.56,0.842,0.316,-1.1
NREL,,44.56,0.842,0.316,-1.1
NREL,316.44,44.56,0.842,0.316,-1.1
NREL,277.26,44.56,0.842,0.316,-1.1
NREL,,44.56,0.842,0.316,-1.1
NREL,606.28,44.56,0.842,0.316,-1.1
NREL,734.15,44.56,0.842,0.316,-1.1
NREL,730.3,44.56,0.842,0.316,-1.1
NREL,761.24,44.56,0.842,0.316,-1.1
NREL,865.08,44.56,0.842,0.316,-1.1
NREL,1040.94,44.56,0.842,0.316,-1.1
NREL,912.31,44.56,0.842,0.316,-1.1
NREL,1090.6,44.56,0.842,0.316,-1.1
NREL,492.61,44.56,0.842,0.316,-1.1
NREL,300.62,44.56,0.842,0.316,-1.1
NREL,,44.56,0.842,0.316,-1.1
NREL,772.1,44.56,0.842,0.316,-1.1
NREL,959.45,44.56,0.842,0.316,-1.1
NREL,636.26,44.56,0.842,0.316,-1.1
NREL,1031.9,44.56,0.842,0.316,-1.1
NREL,720.24,44.56,0.842,0.316,-1.1
NREL,715.08,44.56,0.842,0.316,-1.1
NREL,,44.56,0.842,0.316,-1.1
NREL,,44.56,0.842,0.316,-1.1
NREL,412.99,44.56,0.842,0.316,-1.1
NREL,,44.56,0.842,0.316,-1.1
NREL,600.56,44.56,0.842,0.316,-1.1
NREL,,44.56,0.842,0.316,-1.1
NREL,328.62,44.56,0.842,0.316,-1.1
NREL,837.94,44.56,0.842,0.316,-1.1
NREL,1261.5,44.56,0.842,0.316,-1.1
Synth,569.7106207097577,42.1,0.82,0.3,-1.1
Synth,554.4309868705018,45.2,0.85,0.32,-1.1
Synth,590.0834760085638,42.1,0.82,0.3,-1.1
Synth,576.6025584218648,45.2,0.85,0.32,-1.1
Synth,389.9510560920908,48.5,0.88,0.35,-1.1
Synth,551.3356522145032,48.5,0.88,0.35,-1.1
Synth,417.9586320124962,48.5,0.88,0.35,-1.1
Synth,538.01621863349,48.5,0.88,0.35,-1.1
Synth,627.149446133523,40.3,0.8,0.28,-1.1
Synth,629.3832120008949,48.5,0.88,0.35,-1.1
Synth,535.362615366214,45.2,0.85,0.32,-1.1
Synth,430.5589782407359,42.1,0.82,0.3,-1.1
Synth,433.8132359984238,40.3,0.8,0.28,-1.1
Synth,439.36554240622434,46.7,0.86,0.33,-1.1
Synth,415.6380349785204,42.1,0.82,0.3,-1.1
Synth,509.03864872952335,42.1,0.82,0.3,-1.1
Synth,591.0248655574,40.3,0.8,0.28,-1.1
Synth,583.6236338349905,45.2,0.85,0.32,-1.1
Synth,328.66160211229123,45.2,0.85,0.32,-1.1
Synth,627.3343555391551,45.2,0.85,0.32,-1.1
Synth,470.24694503521613,45.2,0.85,0.32,-1.1
Synth,418.44506755562395,45.2,0.85,0.32,-1.1
Synth,536.1810420656237,46.7,0.86,0.33,-1.1
Synth,407.9747651075686,42.1,0.82,0.3,-1.1
Synth,401.4968982309462,46.7,0.86,0.33,-1.1
Synth,658.2439336742348,40.3,0.8,0.28,-1.1
Synth,404.2990322859222,40.3,0.8,0.28,-1.1
Synth,678.5813229828921,48.5,0.88,0.35,-1.1
Synth,408.46032142118224,48.5,0.88,0.35,-1.1
Synth,555.852041168488,42.1,0.82,0.3,-1.1
Synth,416.4326446693588,45.2,0.85,0.32,-1.1
Synth,452.18259449761894,40.3,0.8,0.28,-1.1
Synth,471.1509838039027,45.2,0.85,0.32,-1.1
Synth,574.682725281937,48.5,0.88,0.35,-1.1
Synth,392.1597541149779,48.5,0.88,0.35,-1.1
Synth,542.9923275659739,48.5,0.88,0.35,-1.1
Synth,549.1948855262717,48.5,0.88,0.35,-1.1
Synth,631.4320711845412,46.7,0.86,0.33,-1.1
Synth,437.5549662310703,40.3,0.8,0.28,-1.1
Synth,557.9160768712793,42.1,0.82,0.3,-1.1
Synth,550.2392816815577,46.7,0.86,0.33,-1.1
Synth,489.7798397762792,40.3,0.8,0.28,-1.1
Synth,440.7388548534318,46.7,0.86,0.33,-1.1
Synth,595.3413822176595,46.7,0.86,0.33,-1.1
Synth,517.9594581113518,46.7,0.86,0.33,-1.1
Synth,581.7914397184516,48.5,0.88,0.35,-1.1
Synth,405.6815352837562,42.1,0.82,0.3,-1.1
Synth,572.8825487983645,40.3,0.8,0.28,-1.1
Synth,548.4575289779277,42.1,0.82,0.3,-1.1
Synth,499.49857344315194,40.3,0.8,0.28,-1.1
Synth,322.8757507201948,40.3,0.8,0.28,-1.1
Synth,449.37757212444507,46.7,0.86,0.33,-1.1
Synth,449.34107380841976,45.2,0.85,0.32,-1.1
Synth,551.9679224266581,45.2,0.85,0.32,-1.1
Synth,595.556506210665,42.1,0.82,0.3,-1.1
Synth,388.03094799628553,46.7,0.86,0.33,-1.1
Synth,470.3741846855162,48.5,0.88,0.35,-1.1
Synth,448.6270658097697,48.5,0.88,0.35,-1.1
Synth,548.4332561856102,46.7,0.86,0.33,-1.1
Synth,614.4296025342646,46.7,0.86,0.33,-1.1
Synth,572.5549968143749,46.7,0.86,0.33,-1.1
Synth,601.7320036482428,40.3,0.8,0.28,-1.1
Synth,645.152640265053,42.1,0.82,0.3,-1.1
Synth,619.0746903278376,46.7,0.86,0.33,-1.1
Synth,394.3326975109698,46.7,0.86,0.33,-1.1
Synth,469.1804245177768,45.2,0.85,0.32,-1.1
Synth,437.0065317583302,40.3,0.8,0.28,-1.1
Synth,575.9230580362982,40.3,0.8,0.28,-1.1
Synth,281.2029317554171,46.7,0.86,0.33,-1.1
Synth,512.5621131482376,45.2,0.85,0.32,-1.1
Synth,569.6369917989932,45.2,0.85,0.32,-1.1
Synth,681.5075873039906,45.2,0.85,0.32,-1.1
Synth,494.643265144736,46.7,0.86,0.33,-1.1
Synth,485.1929347407446,40.3,0.8,0.28,-1.1
Synth,571.8159775752254,48.5,0.88,0.35,-1.1
Synth,607.8571009140405,42.1,0.82,0.3,-1.1
Synth,534.8291274132364,42.1,0.82,0.3,-1.1
Synth,447.0275419257091,42.1,0.82,0.3,-1.1
Synth,334.20236750980473,45.2,0.85,0.32,-1.1
Synth,462.5831136210876,40.3,0.8,0.28,-1.1
Synth,391.76131446165084,45.2,0.85,0.32,-1.1
Synth,349.13185846326525,42.1,0.82,0.3,-1.1
Synth,687.6860085145021,40.3,0.8,0.28,-1.1
Synth,556.9494098027582,46.7,0.86,0.33,-1.1
Synth,619.9817701571814,40.3,0.8,0.28,-1.1
Synth,565.5444629400179,48.5,0.88,0.35,-1.1
Synth,270.8044454488562,48.5,0.88,0.35,-1.1
Synth,253.08628692846352,42.1,0.82,0.3,-1.1
Synth,588.7701146099741,48.5,0.88,0.35,-1.1
Synth,426.3799584488896,45.2,0.85,0.32,-1.1
Synth,430.42745660621665,48.5,0.88,0.35,-1.1
Synth,455.928107351078,45.2,0.85,0.32,-1.1
Synth,498.04540413094065,48.5,0.88,0.35,-1.1
Synth,587.6931861087364,48.5,0.88,0.35,-1.1
Synth,582.917263093544,46.7,0.86,0.33,-1.1
Synth,627.3843450519578,45.2,0.85,0.32,-1.1
Synth,572.0883530407025,42.1,0.82,0.3,-1.1
Synth,430.0928656637843,48.5,0.88,0.35,-1.1
Synth,484.7941258449206,42.1,0.82,0.3,-1.1
Synth,606.0153696408973,42.1,0.82,0.3,-1.1
Synth,653.9620458716144,40.3,0.8,0.28,-1.1
Synth,541.5073335225571,42.1,0.82,0.3,-1.1
Synth,549.6078105977048,48.5,0.88,0.35,-1.1
Synth,458.78601210252685,48.5,0.88,0.35,-1.1
Synth,384.86354987291736,48.5,0.88,0.35,-1.1
Synth,362.7905334384202,46.7,0.86,0.33,-1.1
Synth,646.3003532396962,45.2,0.85,0.32,-1.1
Synth,731.5533926554441,42.1,0.82,0.3,-1.1
Synth,692.7669600801445,42.1,0.82,0.3,-1.1
Synth,636.2592455372214,48.5,0.88,0.35,-1.1
Synth,559.8098369380195,40.3,0.8,0.28,-1.1
Synth,474.03907335942756,42.1,0.82,0.3,-1.1
Synth,463.82853411157953,40.3,0.8,0.28,-1.1
Synth,247.4162737712461,48.5,0.88,0.35,-1.1
Synth,406.28039388904085,42.1,0.82,0.3,-1.1
Synth,370.05675820208705,45.2,0.85,0.32,-1.1
Synth,412.0394456869853,40.3,0.8,0.28,-1.1
Synth,687.2857742326154,45.2,0.85,0.32,-1.1
Synth,430.09520614193843,45.2,0.85,0.32,-1.1
Synth,578.1294837433443,42.1,0.82,0.3,-1.1
Synth,416.03970704261565,42.1,0.82,0.3,-1.1
Synth,570.2453087360723,46.7,0.86,0.33,-1.1
Synth,374.3345821372048,42.1,0.82,0.3,-1.1
Synth,400.4273813686339,46.7,0.86,0.33,-1.1
Synth,574.2461208820478,42.1,0.82,0.3,-1.1
Synth,541.4695426983974,40.3,0.8,0.28,-1.1
Synth,597.0826050731084,46.7,0.86,0.33,-1.1
Synth,349.98689339736904,40.3,0.8,0.28,-1.1
Synth,391.487897016488,40.3,0.8,0.28,-1.1
Synth,463.87634623889295,46.7,0.86,0.33,-1.1
Synth,682.011547247855,42.1,0.82,0.3,-1.1
Synth,396.2290770668671,48.5,0.88,0.35,-1.1
Synth,435.0123687619241,46.7,0.86,0.33,-1.1
Synth,502.40566072139063,40.3,0.8,0.28,-1.1
Synth,596.053825127683,46.7,0.86,0.33,-1.1
Synth,249.5038267749167,48.5,0.88,0.35,-1.1
Synth,487.58841964787945,45.2,0.85,0.32,-1.1
Synth,510.7601219210398,42.1,0.82,0.3,-1.1
Synth,322.3626806591949,48.5,0.88,0.35,-1.1
Synth,525.6147273800366,40.3,0.8,0.28,-1.1
Synth,557.4568456290777,40.3,0.8,0.28,-1.1
Synth,611.4592092608071,48.5,0.88,0.35,-1.1
Synth,626.2239114243387,42.1,0.82,0.3,-1.1
Synth,582.8809532139279,45.2,0.85,0.32,-1.1
Synth,530.7381771461505,48.5,0.88,0.35,-1.1
Synth,601.7947651077054,42.1,0.82,0.3,-1.1
Synth,496.63828883593834,48.5,0.88,0.35,-1.1
Synth,609.5872404276332,42.1,0.82,0.3,-1.1
Synth,576.1914625270471,48.5,0.88,0.35,-1.1
Synth,426.04160524746317,42.1,0.82,0.3,-1.1
Synth,505.58364804384877,46.7,0.86,0.33,-1.1
Synth,652.5842611952871,42.1,0.82,0.3,-1.1
Synth,284.4627423575161,45.2,0.85,0.32,-1.1
Synth,626.9974810636975,45.2,0.85,0.32,-1.1
Synth,355.3106886900935,46.7,0.86,0.33,-1.1
Synth,533.0119767880471,40.3,0.8,0.28,-1.1
Synth,519.2210490609436,46.7,0.86,0.33,-1.1
Synth,484.92662623085994,42.1,0.82,0.3,-1.1
Synth,605.047190696109,45.2,0.85,0.32,-1.1
Synth,449.81510864885996,40.3,0.8,0.28,-1.1
Synth,488.81530769002325,46.7,0.86,0.33,-1.1
Synth,652.1659577961715,46.7,0.86,0.33,-1.1
Synth,541.1439448737466,40.3,0.8,0.28,-1.1
Synth,587.6464526059041,42.1,0.82,0.3,-1.1
Synth,593.6325237044988,40.3,0.8,0.28,-1.1
Synth,437.1982976704208,40.3,0.8,0.28,-1.1
Synth,544.5869613768682,40.3,0.8,0.28,-1.1
Synth,233.44878072290902,42.1,0.82,0.3,-1.1
Synth,333.92499728462735,45.2,0.85,0.32,-1.1
Synth,466.8952004206276,42.1,0.82,0.3,-1.1
Synth,460.35610554236564,45.2,0.85,0.32,-1.1
Synth,311.78464580650484,45.2,0.85,0.32,-1.1
Synth,522.0355792444801,40.3,0.8,0.28,-1.1
Synth,706.2341560347572,42.1,0.82,0.3,-1.1
Synth,505.27036635196174,45.2,0.85,0.32,-1.1
Synth,385.51266994355245,45.2,0.85,0.32,-1.1
Synth,545.22047597745,42.1,0.82,0.3,-1.1
Synth,518.1504102837511,40.3,0.8,0.28,-1.1
Synth,478.4150226140678,48.5,0.88,0.35,-1.1
Synth,505.8530648116962,48.5,0.88,0.35,-1.1
Synth,467.4896462369927,40.3,0.8,0.28,-1.1
Synth,681.7413137529581,42.1,0.82,0.3,-1.1
Synth,425.432136135397,48.5,0.88,0.35,-1.1
Synth,435.8957620225739,46.7,0.86,0.33,-1.1
Synth,518.6326899718309,40.3,0.8,0.28,-1.1
Synth,548.1040388667253,45.2,0.85,0.32,-1.1
Synth,519.649348669374,40.3,0.8,0.28,-1.1
Synth,515.0519293150203,42.1,0.82,0.3,-1.1
Synth,448.1755100506064,40.3,0.8,0.28,-1.1
Synth,681.935467376799,42.1,0.82,0.3,-1.1
Synth,637.206591539915,45.2,0.85,0.32,-1.1
Synth,521.9963024836032,42.1,0.82,0.3,-1.1
Synth,505.2904154455612,40.3,0.8,0.28,-1.1
Synth,453.9763617582851,42.1,0.82,0.3,-1.1
Synth,426.32644631184365,40.3,0.8,0.28,-1.1
Synth,481.63803898893,42.1,0.82,0.3,-1.1
Synth,455.12775373583327,45.2,0.85,0.32,-1.1
Synth,620.6179122540135,40.3,0.8,0.28,-1.1
Synth,450.1679386396822,48.5,0.88,0.35,-1.1
Synth,624.4622179760709,42.1,0.82,0.3,-1.1
Synth,614.7112183372001,48.5,0.88,0.35,-1.1
Synth,257.1652157166714,48.5,0.88,0.35,-1.1
Synth,600.7208654416621,42.1,0.82,0.3,-1.1
Synth,387.00097442482956,45.2,0.85,0.32,-1.1
Synth,445.17544251619563,45.2,0.85,0.32,-1.1
Synth,468.32819283323715,46.7,0.86,0.33,-1.1
Synth,636.3306325149881,40.3,0.8,0.28,-1.1
Synth,512.0508579495827,40.3,0.8,0.28,-1.1
Synth,538.1562693360077,48.5,0.88,0.35,-1.1
Synth,546.6161144552242,46.7,0.86,0.33,-1.1
Synth,535.1118594663326,46.7,0.86,0.33,-1.1
Synth,582.9682783459024,46.7,0.86,0.33,-1.1
Synth,523.9866223544828,42.1,0.82,0.3,-1.1
Synth,542.1552361775305,46.7,0.86,0.33,-1.1
Synth,396.4822830736895,46.7,0.86,0.33,-1.1
Synth,553.5528298650391,45.2,0.85,0.32,-1.1
Synth,297.7490920855297,46.7,0.86,0.33,-1.1
Synth,598.2864097160482,42.1,0.82,0.3,-1.1
Synth,461.55723732282416,45.2,0.85,0.32,-1.1
Synth,498.00247565555026,45.2,0.85,0.32,-1.1
Synth,544.6480498191584,40.3,0.8,0.28,-1.1
Synth,552.3996463339212,40.3,0.8,0.28,-1.1
Synth,323.3929206590715,48.5,0.88,0.35,-1.1
Synth,504.7178177251901,48.5,0.88,0.35,-1.1
Synth,580.167353063827,46.7,0.86,0.33,-1.1
Synth,466.4028752034135,40.3,0.8,0.28,-1.1
Synth,524.8828254463798,46.7,0.86,0.33,-1.1
Synth,467.3726397225157,40.3,0.8,0.28,-1.1
Synth,502.95007687376625,46.7,0.86,0.33,-1.1
Synth,575.9190291665624,45.2,0.85,0.32,-1.1
Synth,556.2488510645496,45.2,0.85,0.32,-1.1
Synth,522.2038786826864,45.2,0.85,0.32,-1.1
Synth,503.77117225155104,48.5,0.88,0.35,-1.1
Synth,467.0234830649981,48.5,0.88,0.35,-1.1
Synth,314.3313339060218,48.5,0.88,0.35,-1.1
Synth,512.3960629251685,46.7,0.86,0.33,-1.1
Synth,566.6966625004372,45.2,0.85,0.32,-1.1
Synth,474.4330484766019,48.5,0.88,0.35,-1.1
Synth,688.7443720630652,48.5,0.88,0.35,-1.1
Synth,529.0970908281006,45.2,0.85,0.32,-1.1
Synth,631.4674044792499,40.3,0.8,0.28,-1.1
Synth,314.1509913236775,42.1,0.82,0.3,-1.1
Synth,677.4078097055174,48.5,0.88,0.35,-1.1
Synth,555.9810786249504,42.1,0.82,0.3,-1.1
Synth,510.7612063612574,42.1,0.82,0.3,-1.1
Synth,530.8164186322065,42.1,0.82,0.3,-1.1
Synth,511.45588946708955,40.3,0.8,0.28,-1.1
Synth,487.4984012115847,42.1,0.82,0.3,-1.1
Synth,517.2469164648883,46.7,0.86,0.33,-1.1
Synth,405.183718453873,45.2,0.85,0.32,-1.1
Synth,501.81042106305574,40.3,0.8,0.28,-1.1
Synth,726.1359682330499,46.7,0.86,0.33,-1.1
Synth,471.37391835038153,46.7,0.86,0.33,-1.1
Synth,441.90174078767365,40.3,0.8,0.28,-1.1
Synth,591.3300678440185,40.3,0.8,0.28,-1.1
Synth,481.9039720653958,45.2,0.85,0.32,-1.1
Synth,328.254559193054,48.5,0.88,0.35,-1.1
Synth,511.5354533698329,46.7,0.86,0.33,-1.1
Synth,410.4735647636141,42.1,0.82,0.3,-1.1
Synth,592.3640194076038,45.2,0.85,0.32,-1.1
Synth,688.8585594960741,40.3,0.8,0.28,-1.1
Synth,652.2411765803695,48.5,0.88,0.35,-1.1
Synth,634.7705537880593,48.5,0.88,0.35,-1.1
Synth,471.9199952940622,45.2,0.85,0.32,-1.1
Synth,388.96773680715,40.3,0.8,0.28,-1.1
Synth,598.0070979373942,40.3,0.8,0.28,-1.1
Synth,568.6673102863191,48.5,0.88,0.35,-1.1
Synth,384.92546061639973,48.5,0.88,0.35,-1.1
Synth,436.8325178764987,46.7,0.86,0.33,-1.1
Synth,513.3535869516891,40.3,0.8,0.28,-1.1
Synth,479.08717517101053,42.1,0.82,0.3,-1.1
Synth,609.9432729726286,42.1,0.82,0.3,-1.1
Synth,573.2197333473738,46.7,0.86,0.33,-1.1
Synth,511.3497966766357,48.5,0.88,0.35,-1.1
Synth,408.1016050875073,42.1,0.82,0.3,-1.1
Synth,507.4715457620512,48.5,0.88,0.35,-1.1
Synth,444.19347791543385,46.7,0.86,0.33,-1.1
Synth,372.4246591512506,48.5,0.88,0.35,-1.1
Synth,430.1133664329775,45.2,0.85,0.32,-1.1
Synth,599.6258827136527,42.1,0.82,0.3,-1.1
Synth,425.5839737227361,46.7,0.86,0.33,-1.1
Synth,495.8429981032477,42.1,0.82,0.3,-1.1
Synth,611.5797221634589,40.3,0.8,0.28,-1.1
Synth,611.5485013153456,40.3,0.8,0.28,-1.1
Synth,356.09113986487495,42.1,0.82,0.3,-1.1
Synth,460.4357630269024,45.2,0.85,0.32,-1.1
Synth,570.4686152508823,46.7,0.86,0.33,-1.1
Synth,501.9996171851134,45.2,0.85,0.32,-1.1
Synth,380.28727323024236,45.2,0.85,0.32,-1.1
Synth,382.0295536807795,45.2,0.85,0.32,-1.1
Synth,438.77373219140236,42.1,0.82,0.3,-1.1
Synth,544.3309897359039,42.1,0.82,0.3,-1.1
Synth,353.83434459234763,45.2,0.85,0.32,-1.1
Synth,345.6032675280362,42.1,0.82,0.3,-1.1
Synth,546.1452001790568,46.7,0.86,0.33,-1.1
Synth,527.885253430156,48.5,0.88,0.35,-1.1
Synth,523.2022982006976,45.2,0.85,0.32,-1.1
Synth,558.9036202604823,45.2,0.85,0.32,-1.1
Synth,344.24967584335525,46.7,0.86,0.33,-1.1
Synth,577.9607023813813,48.5,0.88,0.35,-1.1
